Country,Year,CO2_per_capita,GDP,CarbonTaxDummy
Argentina,1983,3.5790422,3727.04801015838,1
Argentina,1984,3.568349,3787.47067903083,1
Argentina,1985,3.319273,2919.28351130562,1
Argentina,1986,3.3871777,3454.2963342861,1
Argentina,1987,3.680022,3492.69147434324,1
Argentina,1988,3.8309155,4005.20125846019,1
Argentina,1989,3.638042,2382.33586178721,1
Argentina,1990,3.434042,4330.96819128783,1
Argentina,1991,3.5494041,5730.72380988423,1
Argentina,1992,3.6114626,6815.32932969825,1
Argentina,1993,3.4612706,6957.41749889251,1
Argentina,1994,3.4350219,7464.4747368819,1
Argentina,1995,3.583797,7383.70450960064,1
Argentina,1996,3.7054877,7690.15700254783,1
Argentina,1997,3.8118122,8176.77119517435,1
Argentina,1998,3.8363988,8250.67317414321,1
Argentina,1999,4.028959,7735.32208018486,1
Argentina,2000,3.8511531,7666.51783423783,1
Argentina,2001,3.5864596,7168.97587232911,1
Argentina,2002,3.2850614,2579.48876933284,1
Argentina,2003,3.500529,3333.15290388997,1
Argentina,2004,4.0526843,4258.16026060875,1
Argentina,2005,4.125598,5086.62776073134,1
Argentina,2006,4.4129634,5890.97800169795,1
Argentina,2007,4.3505254,7210.59554755899,1
Argentina,2008,4.649266,8977.50685093365,1
Argentina,2009,4.377875,8184.38988923991,1
Argentina,2010,4.52199,10385.9644319555,1
Argentina,2011,4.568226,12848.7391514568,1
Argentina,2012,4.559746,13082.664325572,1
Argentina,2013,4.471467,13080.2547323367,1
Argentina,2014,4.3993144,12334.7982453893,1
Argentina,2015,4.4326596,13789.060424772,1
Argentina,2016,4.349167,12790.2641396135,1
Argentina,2017,4.242436,14613.0356486571,1
Argentina,2018,4.066307,11795.1627452798,1
Argentina,2019,3.9894862,9963.67416171662,1
Argentina,2020,3.7054682,8500.83793850534,1
Argentina,2021,4.1907597,10650.8604604345,1
Argentina,2022,4.2378173,13650.6046294524,1
Australia,1960,8.500754,1810.59744278609,0
Australia,1961,8.281936,1877.600224102,0
Australia,1962,8.486659,1854.64189048688,0
Australia,1963,8.792937,1967.10899053653,0
Australia,1964,9.301868,2131.38029982805,0
Australia,1965,10.000922,2281.01195611049,0
Australia,1966,9.983565,2343.81978965369,0
Australia,1967,10.354764,2580.11059164641,0
Australia,1968,10.706344,2724.1306715175,0
Australia,1969,11.119142,2991.38594710418,0
Australia,1970,11.739625,3304.83781989103,0
Australia,1971,11.629826,3495.14162747651,0
Australia,1972,11.548464,3949.37298705831,0
Australia,1973,12.590824,4770.61865788766,0
Australia,1974,12.11828,6482.83108182526,0
Australia,1975,12.465126,7003.74417971953,0
Australia,1976,12.095891,7486.59278090393,0
Australia,1977,12.81688,7775.49682097168,0
Australia,1978,13.308308,8252.65590400684,0
Australia,1979,13.24483,9294.35924726014,0
Australia,1980,13.896752,10208.6520092795,0
Australia,1981,14.320772,11853.5138178392,0
Australia,1982,14.372,12778.9279166426,0
Australia,1983,13.498299,11515.6229187212,0
Australia,1984,13.961717,12421.4738665585,0
Australia,1985,14.2252865,11441.1933019722,0
Australia,1986,13.991763,11391.6550473244,0
Australia,1987,14.4286995,11650.8011879489,0
Australia,1988,14.567257,14284.5206885373,0
Australia,1989,15.291002,17834.2105593225,0
Australia,1990,16.316298,18248.9407092421,0
Australia,1991,16.185081,18859.4079561383,0
Australia,1992,16.293701,18623.7917363989,0
Australia,1993,16.38393,17699.5577392784,0
Australia,1994,16.49495,18129.4021863239,0
Australia,1995,16.944706,20448.1219685874,0
Australia,1996,17.128435,22021.7839065228,0
Australia,1997,17.399693,23646.6230457327,0
Australia,1998,17.962667,21479.1142020092,0
Australia,1999,18.294834,20712.6697805564,0
Australia,2000,18.404053,21870.4159669594,0
Australia,2001,18.58794,19695.7297379144,0
Australia,2002,18.61468,20301.8431713256,0
Australia,2003,18.754335,23718.1338501868,0
Australia,2004,19.215673,30836.7306824685,0
Australia,2005,19.14587,34479.7679298388,0
Australia,2006,19.174072,36595.7071548423,0
Australia,2007,19.186764,41051.6120652288,0
Australia,2008,19.0257,49701.2817843335,0
Australia,2009,18.811646,42816.5674002829,0
Australia,2010,18.416328,52147.0241942843,0
Australia,2011,18.081861,62609.6607161044,0
Australia,2012,17.887936,68078.0442283168,0
Australia,2013,17.27638,68198.4193446869,0
Australia,2014,16.747185,62558.2438786332,0
Australia,2015,16.850307,56758.8692027821,0
Australia,2016,16.955637,49918.7939327254,0
Australia,2017,16.82187,53954.553494614,0
Australia,2018,16.627844,57273.5204750079,0
Australia,2019,16.398174,55049.571919719,0
Australia,2020,15.453229,51868.2475567823,0
Australia,2021,14.914762,60697.2454358579,0
Australia,2022,14.985412,65099.8459118981,0
Brazil,1989,1.4328794,2875.57771485047,0
Brazil,1990,1.4508868,3065.24235743825,0
Brazil,1991,1.4960175,2656.49720676541,0
Brazil,1992,1.4983952,2505.3777580252,0
Brazil,1993,1.5419381,2766.34559631791,0
Brazil,1994,1.5778434,3393.14292559822,0
Brazil,1995,1.6431366,4704.95983707965,0
Brazil,1996,1.7424477,5121.90540734464,0
Brazil,1997,1.821151,5240.12717572976,0
Brazil,1998,1.8554686,5049.76466914353,0
Brazil,1999,1.886351,3456.42330254074,0
Brazil,2000,1.934246,3726.81166909716,0
Brazil,2001,1.9424405,3142.23513974908,0
Brazil,2002,1.926925,2824.71541300038,0
Brazil,2003,1.887129,3056.64979769494,0
Brazil,2004,1.9566369,3623.22446166485,0
Brazil,2005,1.950622,4773.26855132261,0
Brazil,2006,1.9535519,5866.02341427165,0
Brazil,2007,2.0472486,7323.19159375818,0
Brazil,2008,2.1416569,8801.75787553359,0
Brazil,2009,2.0038037,8569.90254736072,0
Brazil,2010,2.2422264,11249.2918904352,0
Brazil,2011,2.3340783,13200.5562348789,0
Brazil,2012,2.4918227,12327.5131013057,0
Brazil,2013,2.639368,12258.5657091866,0
Brazil,2014,2.7420719,12071.4044637296,0
Brazil,2015,2.5798414,8783.2154236384,0
Brazil,2016,2.382041,8680.73646873878,0
Brazil,2017,2.3842185,9896.71889500528,0
Brazil,2018,2.2743797,9121.02099480377,0
Brazil,2019,2.2356122,8845.32414932264,0
Brazil,2020,2.0849533,6923.6999117682,0
Brazil,2021,2.3198576,7696.78483012849,0
Brazil,2022,2.2454574,8917.67491057495,0
Canada,1960,10.760641,2259.25051088642,0
Canada,1961,10.616394,2240.43303945853,0
Canada,1962,11.115177,2268.58534607907,0
Canada,1963,11.117528,2374.49844764883,0
Canada,1964,12.292958,2555.11114601309,0
Canada,1965,12.794933,2770.36180408145,0
Canada,1966,12.918037,3047.10614707958,0
Canada,1967,13.800294,3217.15929360795,0
Canada,1968,14.627745,3462.67887195794,0
Canada,1969,14.601127,3763.95337938417,0
Canada,1970,15.91714,4135.82149842006,0
Canada,1971,16.094498,4535.39338907773,0
Canada,1972,17.135622,5106.73708049128,0
Canada,1973,16.943949,5858.33407318788,0
Canada,1974,17.079151,7056.70847496589,0
Canada,1975,17.150003,7536.52009823861,0
Canada,1976,17.019035,8838.94710677652,0
Canada,1977,17.19524,8949.10989272982,0
Canada,1978,17.340654,9154.43325277735,0
Canada,1979,18.2367,10077.5026707269,0
Canada,1980,18.066893,11208.2027394178,0
Canada,1981,17.312763,12379.0368643833,0
Canada,1982,16.511152,12527.3135323802,0
Canada,1983,16.101212,13477.1031699599,0
Canada,1984,16.609327,13930.4745502555,0
Canada,1985,16.317907,14170.1249406067,0
Canada,1986,15.496507,14521.1800806,0
Canada,1987,16.3023,16377.6902109541,0
Canada,1988,16.993023,19012.5723278349,0
Canada,1989,16.990097,20794.682233334,0
Canada,1990,16.57807,21525.8611387148,0
Canada,1991,16.068085,21846.7930471354,0
Canada,1992,16.368656,20950.3305287651,0
Canada,1993,16.204529,20186.7988782965,0
Canada,1994,16.5291,19997.6237373354,0
Canada,1995,16.791918,20679.634792669,0
Canada,1996,17.172369,21296.9723536904,0
Canada,1997,17.487589,21901.5628548392,0
Canada,1998,17.59096,21024.5850687045,0
Canada,1999,17.910727,22315.2466731545,0
Canada,2000,18.482231,24271.0020563821,0
Canada,2001,18.035389,23822.0601178964,0
Canada,2002,18.018217,24255.3385818322,0
Canada,2003,18.388273,28300.4630963791,0
Canada,2004,18.165436,32143.6814078562,0
Canada,2005,17.840984,36382.5079164537,0
Canada,2006,17.477772,40504.0607253203,0
Canada,2007,18.06789,44659.8951408034,0
Canada,2008,17.364056,46710.5055759013,0
Canada,2009,16.197563,40876.3101540295,0
Canada,2010,16.372383,47562.0834253057,0
Canada,2011,16.468409,52223.696112356,0
Canada,2012,16.308767,52669.0899632316,0
Canada,2013,16.243002,52635.1749580433,0
Canada,2014,15.996587,50955.9983232404,0
Canada,2015,15.971075,43596.1355365546,0
Canada,2016,15.44268,42315.6037056806,0
Canada,2017,15.50163,45129.4292980922,0
Canada,2018,15.581538,46548.6384108296,0
Canada,2019,15.41972,46374.1527517191,0
Canada,2020,13.799503,43349.677855557,0
Canada,2021,14.078721,52358.6216405155,0
Canada,2022,14.249212,54917.6625226262,0
Chile,1960,1.6552144,504.801137829134,1
Chile,1961,1.7386926,580.888646675343,1
Chile,1962,1.9687873,663.587769703281,1
Chile,1963,2.0028849,645.945373462085,1
Chile,1964,1.9835758,675.826043903261,1
Chile,1965,1.9730306,679.124245659146,1
Chile,1966,2.0490277,781.806100879469,1
Chile,1967,2.0628114,756.731234314249,1
Chile,1968,2.2338128,757.741289718022,1
Chile,1969,2.3333435,865.714306693748,1
Chile,1970,2.508614,931.126737201787,1
Chile,1971,2.7098105,1089.31086222674,1
Chile,1972,2.7734725,1166.38858554687,1
Chile,1973,2.6764543,1632.3873555551,1
Chile,1974,2.4709837,1547.79824465073,1
Chile,1975,2.1567366,716.344551482202,1
Chile,1976,2.2238925,956.848622546137,1
Chile,1977,2.0981946,1273.08770114086,1
Chile,1978,2.0508633,1435.84129711002,1
Chile,1979,2.1876266,1929.00724027874,1
Chile,1980,2.1883454,2531.57326088891,1
Chile,1981,2.092106,2965.37426047676,1
Chile,1982,1.7341019,1653.98633115509,1
Chile,1983,1.7262169,1700.162359764,1
Chile,1984,1.8114171,1619.37437585473,1
Chile,1985,1.7273691,1437.37571207379,1
Chile,1986,1.7597536,1510.01698521069,1
Chile,1987,1.762805,1750.26411709023,1
Chile,1988,2.0590775,2015.93028372541,1
Chile,1989,2.43878,2280.26538469948,1
Chile,1990,2.4663436,2483.56086208545,1
Chile,1991,2.2778301,2790.6165510043,1
Chile,1992,2.3218653,3333.95867214538,1
Chile,1993,2.4358413,3520.93295523886,1
Chile,1994,2.6722767,4010.97099497656,1
Chile,1995,2.8829238,5094.39348295039,1
Chile,1996,3.29967,5376.77057835924,1
Chile,1997,3.7774923,5789.70504582956,1
Chile,1998,3.8180602,5467.1881883424,1
Chile,1999,4.0462747,4980.01080203526,1
Chile,2000,3.8107965,5102.96876066704,1
Chile,2001,3.408817,4610.59269464898,1
Chile,2002,3.494092,4477.18785325931,1
Chile,2003,3.4743552,4823.25742097417,1
Chile,2004,3.6976247,6185.30378461096,1
Chile,2005,3.7790606,7560.54367123892,1
Chile,2006,3.9212475,9418.27492364213,1
Chile,2007,4.272453,10456.8323839064,1
Chile,2008,4.2344747,10797.0473705117,1
Chile,2009,3.918378,10204.5588537616,1
Chile,2010,4.1958847,12764.5931178671,1
Chile,2011,4.546025,14637.7561666254,1
Chile,2012,4.5912743,15397.7804598152,1
Chile,2013,4.6680274,15842.15915686,1
Chile,2014,4.3868027,14675.1508730028,1
Chile,2015,4.5764747,13567.3572174332,1
Chile,2016,4.6588726,13788.2400157601,1
Chile,2017,4.5805526,15034.0584252287,1
Chile,2018,4.515097,15820.0333571155,1
Chile,2019,4.8308606,14632.6903076927,1
Chile,2020,4.15424,13173.7847941723,1
Chile,2021,4.5675793,16240.6077759729,1
Chile,2022,4.3041654,15355.4797401048,1
China,1960,1.2210879,89.5202142368479,0
China,1961,0.870845,75.8055607913604,0
China,1962,0.69155574,70.9091524330558,0
China,1963,0.6679004,74.3133717692149,0
China,1964,0.65376264,85.4982425898924,0
China,1965,0.69114995,98.4864176995115,0
China,1966,0.73956573,104.32418478637,0
China,1967,0.60475963,96.5891788251155,0
China,1968,0.634962,91.4723838962347,0
China,1969,0.75824785,100.129537206454,0
China,1970,0.9822721,113.162577847967,0
China,1971,1.0781755,118.654144002222,0
China,1972,1.1226243,131.885558530844,0
China,1973,1.14364,157.089110889702,0
China,1974,1.1431363,160.147687922555,0
China,1975,1.2929549,178.339614096146,0
China,1976,1.319618,165.404262395736,0
China,1977,1.4225098,185.420537363904,0
China,1978,1.5628908,228.519313233137,0
China,1979,1.5756097,272.146922693902,0
China,1980,1.5213128,312.020377234655,0
China,1981,1.4805452,291.358237452471,0
China,1982,1.5852113,281.499333737952,0
China,1983,1.6461062,297.807022526203,0
China,1984,1.7667851,302.585824711882,0
China,1985,1.8845572,294.78973494214,0
China,1986,1.9523761,281.699495234272,0
China,1987,2.0583806,301.733249522454,0
China,1988,2.1739545,370.219284508463,0
China,1989,2.1717405,407.892658171152,0
China,1990,2.1538057,347.57836594833,0
China,1991,2.226241,359.213268699902,0
China,1992,2.306772,423.304430056569,0
China,1993,2.443147,525.365692365863,0
China,1994,2.5708385,473.489916407064,0
China,1995,2.7596376,609.604337927454,0
China,1996,2.8566484,709.415888233368,0
China,1997,2.8401923,781.74256121344,0
China,1998,2.6985002,828.594691043134,0
China,1999,2.8335037,873.297610969115,0
China,2000,2.8867998,959.360431340438,0
China,2001,2.929518,1053.11231446589,0
China,2002,3.2031846,1148.51425712598,0
China,2003,3.7560856,1288.63749136212,0
China,2004,4.0231986,1508.66791563578,0
China,2005,4.5077777,1753.41419162417,0
China,2006,4.9458566,2099.2194300786,0
China,2007,5.28453,2693.95873162278,0
China,2008,5.639515,3468.32706308591,0
China,2009,5.892718,3832.22745696438,0
China,2010,6.394216,4550.47394361131,0
China,2011,7.0241256,5614.3860223103,0
China,2012,7.15618,6300.58217952904,0
China,2013,7.2352104,7020.38607424065,0
China,2014,7.218271,7636.0743401587,0
China,2015,7.0796027,8016.44559491162,0
China,2016,6.9656186,8094.39016730811,0
China,2017,7.098718,8817.04560829162,0
China,2018,7.306582,9905.40638307759,0
China,2019,7.5401316,10143.8602205959,0
China,2020,7.659333,10408.7195541075,0
China,2021,7.9502664,12617.5051041181,0
China,2022,7.992761,12720.2163182363,0
Colombia,1960,1.0447992,256.962847338565,1
Colombia,1961,1.1244488,280.579137401505,1
Colombia,1962,1.1634506,296.893804730888,1
Colombia,1963,1.2336782,280.993494299019,1
Colombia,1964,1.2222797,336.722068787801,1
Colombia,1965,1.2507639,315.212329517137,1
Colombia,1966,1.2478701,288.575890071302,1
Colombia,1967,1.2762032,301.136382485833,1
Colombia,1968,1.3371615,299.922605075449,1
Colombia,1969,1.373868,316.305007317933,1
Colombia,1970,1.3570775,344.332599843029,1
Colombia,1971,1.4146616,365.345951070262,1
Colombia,1972,1.4350667,395.98762231097,1
Colombia,1973,1.5016195,460.600711257064,1
Colombia,1974,1.5894237,540.226188873276,1
Colombia,1975,1.530057,559.681441470476,1
Colombia,1976,1.5882461,641.550720418532,1
Colombia,1977,1.6053467,796.556192288003,1
Colombia,1978,1.6611302,930.406202098949,1
Colombia,1979,1.7305727,1092.30456373975,1
Colombia,1980,1.6875722,1275.99659324238,1
Colombia,1981,1.6523683,1358.48545216789,1
Colombia,1982,1.6668116,1421.92168833937,1
Colombia,1983,1.7548348,1381.12004825276,1
Colombia,1984,1.6975662,1333.37091115403,1
Colombia,1985,1.6394691,1189.86940180876,1
Colombia,1986,1.6273068,1166.30079731611,1
Colombia,1987,1.6378753,1188.5517771004,1
Colombia,1988,1.664199,1254.53154613477,1
Colombia,1989,1.6537479,1238.60336697052,1
Colombia,1990,1.7452549,1467.54743608627,1
Colombia,1991,1.7027231,1491.85672826445,1
Colombia,1992,1.8119155,1720.56855756999,1
Colombia,1993,1.8297933,1920.39896596567,1
Colombia,1994,1.8993201,2314.9009901463,1
Colombia,1995,1.6519481,2571.46818996686,1
Colombia,1996,1.6355026,2652.10388063505,1
Colombia,1997,1.7498739,2860.04094003606,1
Colombia,1998,1.7340838,2595.54301144732,1
Colombia,1999,1.4377539,2236.07292591824,1
Colombia,2000,1.4431,2546.85021359809,1
Colombia,2001,1.426988,2465.00701162874,1
Colombia,2002,1.3818444,2421.1621037421,1
Colombia,2003,1.3974992,2305.17050697714,1
Colombia,2004,1.3121018,2811.45945051653,1
Colombia,2005,1.4249232,3448.53832308589,1
Colombia,2006,1.4566313,3782.60349568944,1
Colombia,2007,1.3968195,4762.08306841743,1
Colombia,2008,1.5283238,5534.68944688199,1
Colombia,2009,1.6351662,5245.95158387112,1
Colombia,2010,1.7017647,6392.75802564032,1
Colombia,2011,1.6823224,7392.94359956308,1
Colombia,2012,1.7529714,8096.80150977513,1
Colombia,2013,1.9054631,8263.64192942212,1
Colombia,2014,2.1055799,8167.47284156278,1
Colombia,2015,2.0537941,6228.65162186089,1
Colombia,2016,2.0930965,5936.2610216683,1
Colombia,2017,1.9084141,6449.97098726076,1
Colombia,2018,1.7678044,6782.03792033195,1
Colombia,2019,1.8829013,6436.50921529527,1
Colombia,2020,1.7618332,5304.28912886641,1
Colombia,2021,1.8589207,6182.70709867964,1
Colombia,2022,1.9223082,6624.16539269075,1
Denmark,1966,10.440811,2487.13618090884,1
Denmark,1967,10.14046,2700.74628964677,1
Denmark,1968,10.944017,2776.13539044344,1
Denmark,1969,12.12024,3151.13316134695,1
Denmark,1970,12.6020155,3464.45515573196,1
Denmark,1971,11.511823,3845.50608879175,1
Denmark,1972,11.960335,4654.29893603922,1
Denmark,1973,11.818503,6119.37022218668,1
Denmark,1974,10.928508,6770.75002682893,1
Denmark,1975,11.013526,7999.11266676484,1
Denmark,1976,11.82509,8787.58972193297,1
Denmark,1977,12.123688,9783.85202151322,1
Denmark,1978,11.945417,11826.0186130503,1
Denmark,1979,12.288085,13751.998948016,1
Denmark,1980,11.762251,13883.8871432732,1
Denmark,1981,10.086999,12081.8010496077,1
Denmark,1982,10.458692,11804.4328880134,1
Denmark,1983,9.776507,11857.8921357231,1
Denmark,1984,9.915555,11562.9190778487,1
Denmark,1985,11.716203,12253.1002141785,1
Denmark,1986,11.486153,17201.0888129674,1
Denmark,1987,11.372085,21340.7278625524,1
Denmark,1988,10.732117,22527.0467265631,1
Denmark,1989,9.483003,21901.054745944,1
Denmark,1990,10.394725,26891.4464489571,1
Denmark,1991,12.427407,27011.3774590051,1
Denmark,1992,11.269815,29569.6603567112,1
Denmark,1993,11.662751,27597.9752286357,1
Denmark,1994,12.404246,29995.5796235479,1
Denmark,1995,11.776691,35351.3654606819,1
Denmark,1996,14.250308,35650.7140860994,1
Denmark,1997,12.399668,32835.9399398833,1
Denmark,1998,11.556596,33368.142415092,1
Denmark,1999,11.025262,33440.7948054204,1
Denmark,2000,10.16851,30743.5476816354,1
Denmark,2001,10.427032,30751.654348268,1
Denmark,2002,10.328589,33228.6935448819,1
Denmark,2003,11.238224,40458.7773986609,1
Denmark,2004,10.174345,46511.5983324305,1
Denmark,2005,9.479754,48799.8256011275,1
Denmark,2006,10.901747,52026.9995142723,1
Denmark,2007,9.983965,58487.0549677696,1
Denmark,2008,9.3146715,64322.0635020842,1
Denmark,2009,8.839558,58163.2768762815,1
Denmark,2010,8.86165,58041.3984363385,1
Denmark,2011,7.933418,61753.647131977,1
Denmark,2012,7.1168685,58507.5080517852,1
Denmark,2013,7.424016,61191.1937042028,1
Denmark,2014,6.649033,62548.9847332908,1
Denmark,2015,6.1838393,53254.8563700916,1
Denmark,2016,6.4688087,54663.9983719195,1
Denmark,2017,6.0419893,57610.0981801135,1
Denmark,2018,6.0015297,61591.9288698958,1
Denmark,2019,5.34005,59592.9806886454,1
Denmark,2020,4.8577814,60836.5924121638,1
Denmark,2021,5.057577,69268.6517983134,1
Denmark,2022,4.940161,67790.0539923276,1
Estonia,1995,12.432273,3134.38975345407,1
Estonia,1996,13.273492,3380.92630243199,1
Estonia,1997,13.143159,3682.95230146695,1
Estonia,1998,12.004913,4093.39247738765,1
Estonia,1999,11.355936,4140.93660232167,1
Estonia,2000,11.083067,4070.60902410208,1
Estonia,2001,11.442431,4505.85833233188,1
Estonia,2002,11.144102,5341.62894677002,1
Estonia,2003,12.595059,7203.52303786646,1
Estonia,2004,12.717503,8914.10355674451,1
Estonia,2005,12.620692,10412.6443137966,1
Estonia,2006,12.211169,12639.4000677296,1
Estonia,2007,14.875755,16744.5844516343,1
Estonia,2008,13.329997,18204.9664786762,1
Estonia,2009,10.802874,14711.7352728223,1
Estonia,2010,14.250807,14663.0446126465,1
Estonia,2011,14.280438,17487.8047830922,1
Estonia,2012,13.4361725,17403.2053254767,1
Estonia,2013,14.917028,19056.0019226989,1
Estonia,2014,14.323191,20261.0667303886,1
Estonia,2015,12.036589,17402.0376128079,1
Estonia,2016,13.290373,18295.3429322114,1
Estonia,2017,14.222141,20437.765376736,1
Estonia,2018,13.527124,23165.8494786437,1
Estonia,2019,9.286828,23424.4847073518,1
Estonia,2020,6.949406,23595.2436836441,1
Estonia,2021,7.8421664,27943.701219882,1
Estonia,2022,7.77628,28247.095992497,1
Finland,1960,3.4054918,1179.35301099994,1
Finland,1961,3.3445232,1327.427224366,1
Finland,1962,3.7376711,1411.70239818044,1
Finland,1963,4.273927,1522.3192420995,1
Finland,1964,5.017562,1707.50393824701,1
Finland,1965,5.542695,1882.08685764849,1
Finland,1966,6.4360948,2010.21345619725,1
Finland,1967,6.205139,2034.18904965478,1
Finland,1968,7.191661,1907.07727217667,1
Finland,1969,8.194972,2178.03525044982,1
Finland,1970,8.760226,2465.64481862422,1
Finland,1971,8.788585,2716.19009222861,1
Finland,1972,9.505961,3177.64570093734,1
Finland,1973,10.569736,4173.17304749428,1
Finland,1974,9.936586,5297.60781739462,1
Finland,1975,9.769035,6255.54464076423,1
Finland,1976,10.834455,6739.69071253255,1
Finland,1977,10.580239,7069.10573825616,1
Finland,1978,10.905018,7628.81571424906,1
Finland,1979,11.383408,9332.24526383769,1
Finland,1980,12.164499,11223.937563528,1
Finland,1981,10.709312,10926.817966566,1
Finland,1982,8.903609,10938.122061411,1
Finland,1983,8.539046,10497.479996566,1
Finland,1984,8.633616,10833.8662886935,1
Finland,1985,10.107561,11398.1059531509,1
Finland,1986,10.819944,14951.0467852887,1
Finland,1987,11.664912,18571.0599253579,1
Finland,1988,10.524092,22047.7933222595,1
Finland,1989,10.564632,23973.2394840041,1
Finland,1990,11.4137,28364.6450765922,1
Finland,1991,11.007097,25484.7392935746,1
Finland,1992,10.762338,22319.059460246,1
Finland,1993,11.114732,17608.8123902264,1
Finland,1994,12.131691,20301.333085866,1
Finland,1995,11.377576,26271.5998141691,1
Finland,1996,12.494933,25783.4504878611,1
Finland,1997,12.197799,24691.8728133698,1
Finland,1998,11.516726,26009.2694886182,1
Finland,1999,11.395992,26186.1900105755,1
Finland,2000,11.013854,24345.9148217032,1
Finland,2001,12.049714,24967.7925153182,1
Finland,2002,12.506471,26997.7529897788,1
Finland,2003,13.937104,32927.6802919408,1
Finland,2004,13.186135,37772.1781110398,1
Finland,2005,10.874235,39054.8504423825,1
Finland,2006,12.982865,41222.6020004611,1
Finland,2007,12.623155,48476.3927287052,1
Finland,2008,11.03276,53772.7942390019,1
Finland,2009,10.471616,47481.4845364339,1
Finland,2010,11.948101,46505.3031791811,1
Finland,2011,10.51154,51148.9316365833,1
Finland,2012,9.447225,47708.0612784469,1
Finland,2013,9.508404,49892.2233632732,1
Finland,2014,8.719135,50327.2402902632,1
Finland,2015,8.063938,42801.9081167285,1
Finland,2016,8.598022,43814.0265056965,1
Finland,2017,8.106902,46412.1364777169,1
Finland,2018,8.291232,49987.6261584968,1
Finland,2019,7.6887984,48629.8582283032,1
Finland,2020,6.8243456,49169.7193388499,1
Finland,2021,6.8546104,53559.9776765847,1
Finland,2022,6.5267396,50916.2804653208,1
France,1960,6.485259,1333.88157286682,1
France,1961,6.841373,1430.43462423276,1
France,1962,7.138103,1585.73531130188,1
France,1963,7.173147,1758.85665897749,1
France,1964,7.742247,1928.99940153416,1
France,1965,7.5457096,2060.29971514635,1
France,1966,7.8131056,2209.0001728109,1
France,1967,8.227588,2363.66966905413,1
France,1968,8.423953,2553.97584327959,1
France,1969,8.852065,2767.61543140447,1
France,1970,9.113062,2870.15751000611,1
France,1971,9.679972,3180.3374404808,1
France,1972,9.997275,3865.92540043539,1
France,1973,10.395913,4984.19668411585,1
France,1974,9.981285,5345.92156814952,1
France,1975,9.192845,6717.43948868856,1
France,1976,9.935365,6899.06957775716,1
France,1977,9.578538,7566.66255936088,1
France,1978,9.943627,9299.77404965756,1
France,1979,9.959295,11213.0236211621,1
France,1980,9.514247,12738.5200524368,1
France,1981,8.502962,11116.86105785,1
France,1982,8.106902,10501.6091345216,1
France,1983,7.7528706,9998.97521903088,1
France,1984,7.5112376,9430.06964816743,1
France,1985,7.3516912,9778.08530538681,1
France,1986,7.048464,13566.6607729285,1
France,1987,6.967908,16340.7259713299,1
France,1988,6.8956304,17727.5108342779,1
France,1989,7.114473,17747.5815980944,1
France,1990,6.974127,21865.5552539348,1
France,1991,7.375292,21675.7060879719,1
France,1992,7.1700363,23814.227367599,1
France,1993,6.807583,22380.331904695,1
France,1994,6.6674104,23496.367675721,1
France,1995,6.7303104,26889.4250554833,1
France,1996,6.991859,26870.2852380937,1
France,1997,6.8381095,24226.8846867539,1
France,1998,7.1274467,24971.5744885632,1
France,1999,7.066907,24678.3910613218,1
France,2000,6.9292483,22416.425417915,1
France,2001,6.964637,22449.3396931175,1
France,2002,6.84541,24288.2700193508,1
France,2003,6.905554,29627.92426353,1
France,2004,6.8819523,33797.1624418436,1
France,2005,6.877385,34768.1759037525,1
France,2006,6.6696563,36470.2128399313,1
France,2007,6.4601693,41557.6235648179,1
France,2008,6.3094783,45515.9617533473,1
France,2009,5.974326,41737.7635518137,1
France,2010,6.0303707,40676.0647913181,1
France,2011,5.640582,43846.4660764798,1
France,2012,5.651444,40870.8523645734,1
France,2013,5.6601634,42602.7179652667,1
France,2014,5.1425886,43068.5487241739,1
France,2015,5.1937885,36652.9223052178,1
France,2016,5.2197,37062.5335723829,1
France,2017,5.2521734,38781.0494870836,1
France,2018,5.010727,41557.8548588876,1
France,2019,4.898306,40494.8982936276,1
France,2020,4.366297,39179.7442596057,1
France,2021,4.7538953,43671.3084099631,1
France,2022,4.603891,40886.2532680273,1
Germany,1970,13.104639,2761.16683289339,0
Germany,1971,13.2112875,3192.13361563743,0
Germany,1972,13.243054,3809.98144489456,0
Germany,1973,13.801618,5046.75510305815,0
Germany,1974,13.517167,5639.07762129679,0
Germany,1975,12.767827,6236.3588812986,0
Germany,1976,13.920135,6634.85689909309,0
Germany,1977,13.456805,7682.95377492882,0
Germany,1978,13.822353,9482.04284964716,0
Germany,1979,14.347402,11281.0233245081,0
Germany,1980,14.142085,12138.3081034267,0
Germany,1981,13.497203,10209.0731153846,0
Germany,1982,13.087596,9913.73764159395,0
Germany,1983,13.041849,9864.3449403866,0
Germany,1984,13.320402,9313.16941243118,0
Germany,1985,13.448401,9429.56921688214,0
Germany,1986,13.46307,13461.8310034147,0
Germany,1987,13.221041,16677.51078816,0
Germany,1988,13.112342,17931.2823228876,0
Germany,1989,12.783045,17764.376445833,0
Germany,1990,13.288876,22303.9613266628,0
Germany,1991,12.742418,23357.757725073,0
Germany,1992,12.087449,26438.2303888417,0
Germany,1993,11.9067335,25522.6295733618,0
Germany,1994,11.661228,27076.60675014,0
Germany,1995,11.586038,31658.3493789135,0
Germany,1996,11.803728,30485.8665482279,0
Germany,1997,11.438256,26964.0494672673,0
Germany,1998,11.327495,27289.0593603191,0
Germany,1999,10.978855,26734.9425369252,0
Germany,2000,11.022925,23694.7604830673,0
Germany,2001,11.227958,23628.3272122367,0
Germany,2002,11.036306,25197.2656001848,0
Germany,2003,11.061999,30310.3575963774,0
Germany,2004,10.897857,34106.6581224001,0
Germany,2005,10.656909,34520.2396492496,0
Germany,2006,10.809575,36353.8803343631,0
Germany,2007,10.472896,41640.0808695147,0
Germany,2008,10.500914,45612.7106221441,0
Germany,2009,9.700711,41650.3678297162,0
Germany,2010,10.219843,41572.4559481507,0
Germany,2011,9.918698,46705.8957963353,0
Germany,2012,9.967624,43855.8544658618,0
Germany,2013,10.208109,46298.9229177341,0
Germany,2014,9.708648,48023.8699845462,0
Germany,2015,9.724056,41103.2564363768,0
Germany,2016,9.738013,42136.1207907991,0
Germany,2017,9.512761,44652.5891722719,0
Germany,2018,9.105443,47939.2782884504,0
Germany,2019,8.508805,46805.1384334439,0
Germany,2020,7.767432,46749.4762280016,0
Germany,2021,8.138241,51426.7503654421,0
Germany,2022,7.9837584,48717.9911402128,0
Iceland,1960,6.9054976,1414.98226940621,1
Iceland,1961,6.09689,1418.12586971526,1
Iceland,1962,6.565668,1562.23073045837,1
Iceland,1963,7.019114,1831.70565581972,1
Iceland,1964,6.914792,2297.9206432038,1
Iceland,1965,7.2562575,2723.52094989073,1
Iceland,1966,7.6426153,3215.69417804329,1
Iceland,1967,7.261698,3125.64949185014,1
Iceland,1968,7.9084835,2354.48002671305,1
Iceland,1969,6.2144403,2039.19629517262,1
Iceland,1970,6.7893176,2576.35344434276,1
Iceland,1971,7.1402535,3252.09917788448,1
Iceland,1972,7.088141,4014.84273017558,1
Iceland,1973,8.240186,5437.34252541217,1
Iceland,1974,8.07502,7040.55404419726,1
Iceland,1975,7.398533,6454.17715159378,1
Iceland,1976,7.7242527,7583.27529804327,1
Iceland,1977,8.57449,9957.25443433463,1
Iceland,1978,8.58876,11236.735735064,1
Iceland,1979,8.779713,12640.6408128355,1
Iceland,1980,8.156118,14821.8150912707,1
Iceland,1981,7.570672,15137.2538408683,1
Iceland,1982,6.811233,13711.7362718597,1
Iceland,1983,6.5047503,11671.8092292119,1
Iceland,1984,7.550676,11959.5400102921,1
Iceland,1985,6.7165103,12361.1870365183,1
Iceland,1986,7.314981,16406.04794507,1
Iceland,1987,7.498998,22453.1882283809,1
Iceland,1988,7.366833,24451.9733172334,1
Iceland,1989,7.494278,22434.3467683494,1
Iceland,1990,8.715923,25384.9150226302,1
Iceland,1991,8.153701,26802.9895156678,1
Iceland,1992,8.612251,27124.2745379594,1
Iceland,1993,9.096468,23579.7953612417,1
Iceland,1994,8.825692,24018.6313967189,1
Iceland,1995,9.224648,26633.5913761549,1
Iceland,1996,9.376993,27614.8770273122,1
Iceland,1997,9.652882,27919.1854966562,1
Iceland,1998,9.61996,31030.0535989181,1
Iceland,1999,10.234215,32381.6252356488,1
Iceland,2000,10.421005,32096.3722613695,1
Iceland,2001,10.045494,28897.4439396908,1
Iceland,2002,10.397763,32409.2161491753,1
Iceland,2003,10.303296,39476.6978486684,1
Iceland,2004,10.636717,47334.9306537723,1
Iceland,2005,10.027289,56794.8501588953,1
Iceland,2006,10.378133,57492.9342498703,1
Iceland,2007,11.2074175,69495.7267376825,1
Iceland,2008,12.000479,56943.3704468563,1
Iceland,2009,11.703183,41301.273219718,1
Iceland,2010,11.39458,43237.0729488958,1
Iceland,2011,10.975917,47714.5922308485,1
Iceland,2012,10.907885,45995.5478789467,1
Iceland,2013,10.770717,49804.9829978371,1
Iceland,2014,10.519508,54576.7448146565,1
Iceland,2015,10.703882,52951.6815110898,1
Iceland,2016,10.413343,61987.9263620283,1
Iceland,2017,10.511519,72010.1490316258,1
Iceland,2018,10.395095,74452.1890731447,1
Iceland,2019,9.863829,68452.23622306,1
Iceland,2020,9.107512,58848.41812446,1
Iceland,2021,9.477966,68710.2442005473,1
Iceland,2022,9.499798,73466.7786674708,1
India,1960,0.24963316,83.0351018240893,0
India,1961,0.26384085,85.9697041851008,0
India,1962,0.2838858,90.2768689288905,0
India,1963,0.29804167,101.31516498136,0
India,1964,0.2852175,115.487608356699,0
India,1965,0.3073336,119.082475942029,0
India,1966,0.31188983,89.7575826115815,0
India,1967,0.30567008,96.0463298450023,0
India,1968,0.32631966,99.5168361228774,0
India,1969,0.32534125,107.182143141928,0
India,1970,0.32595912,111.968318177372,0
India,1971,0.33677888,118.160528911908,0
India,1972,0.34835753,122.612453445976,0
India,1973,0.35076737,143.456124984427,0
India,1974,0.35401908,163.231615579564,0
India,1975,0.37562153,157.929385028241,0
India,1976,0.38394982,161.137236080759,0
India,1977,0.39737216,186.419089544981,0
India,1978,0.39496067,206.073749258556,0
India,1979,0.40555653,224.575437698719,0
India,1980,0.4186269,267.390578652535,0
India,1981,0.4418288,271.426149209154,0
India,1982,0.44623372,275.266085855139,0
India,1983,0.4722262,292.644647182024,0
India,1984,0.47393072,278.095415220662,0
India,1985,0.5095753,297.999248705447,0
India,1986,0.5343033,312.059843942513,0
India,1987,0.5582126,342.071923724964,0
India,1988,0.5897501,355.738409768732,0
India,1989,0.63455755,347.462029998068,0
India,1990,0.66401815,368.749759408129,0
India,1991,0.69224447,303.850437957407,0
India,1992,0.72219676,317.558738700794,0
India,1993,0.7311473,301.50079120851,0
India,1994,0.7554136,346.227393115934,0
India,1995,0.7886323,373.628235651141,0
India,1996,0.8376247,399.577312178982,0
India,1997,0.8560122,414.898679748919,0
India,1998,0.85739446,412.509354123275,0
India,1999,0.9134644,440.961454614021,0
India,2000,0.92251354,442.034778911498,0
India,2001,0.91843957,449.911124933268,0
India,2002,0.9302123,468.844428308942,0
India,2003,0.9478657,543.843798895899,0
India,2004,0.9901711,624.105094381691,0
India,2005,1.026879,710.509344848758,0
India,2006,1.102451,802.013742049265,0
India,2007,1.1704763,1022.73246704551,0
India,2008,1.2342707,993.503405266506,0
India,2009,1.3175575,1096.63613605519,0
India,2010,1.3520223,1350.63447029491,0
India,2011,1.4032146,1449.60330101563,0
India,2012,1.5109605,1434.01798721629,0
India,2013,1.5452317,1438.05700508042,0
India,2014,1.6434114,1559.86377870535,0
India,2015,1.6889228,1590.17433135955,0
India,2016,1.7589977,1714.27953740039,0
India,2017,1.7919174,1957.96981329558,0
India,2018,1.8941209,1974.3777314935,0
India,2019,1.8891369,2050.1638002619,0
India,2020,1.7341554,1913.21973278751,0
India,2021,1.8998938,2238.12714218765,0
India,2022,1.9966822,2410.88802070689,0
Indonesia,1967,0.23094177,53.3381957238127,0
Indonesia,1968,0.25254655,64.8391799472623,0
Indonesia,1969,0.29748046,74.3422145957489,0
Indonesia,1970,0.31061253,79.4134554327543,0
Indonesia,1971,0.32916102,78.8657568258469,0
Indonesia,1972,0.3564182,90.5120591683994,0
Indonesia,1973,0.39370114,130.489743672414,0
Indonesia,1974,0.4003785,201.667670574784,0
Indonesia,1975,0.41102976,232.170634807529,0
Indonesia,1976,0.45932037,277.050792814774,0
Indonesia,1977,0.59782016,332.282053882835,0
Indonesia,1978,0.66504407,364.285790473086,0
Indonesia,1979,0.65750897,355.235950857064,0
Indonesia,1980,0.6402667,489.160196508669,0
Indonesia,1981,0.66121346,563.783364476972,0
Indonesia,1982,0.68018353,580.810595521557,0
Indonesia,1983,0.66240597,510.4349865101,0
Indonesia,1984,0.6927793,522.717146902044,0
Indonesia,1985,0.73343474,514.437643513332,0
Indonesia,1986,0.722298,472.7226386688,0
Indonesia,1987,0.71846354,440.372378147236,0
Indonesia,1988,0.7554084,479.810716633827,0
Indonesia,1989,0.7358152,527.811477222369,0
Indonesia,1990,0.8513446,582.678967672297,0
Indonesia,1991,0.9433742,629.160679800489,0
Indonesia,1992,1.0575962,678.977736957462,0
Indonesia,1993,1.1218932,824.079148994808,0
Indonesia,1994,1.1253953,907.471785731365,0
Indonesia,1995,1.1224906,1020.1466814341,0
Indonesia,1996,1.2566929,1129.09270986001,0
Indonesia,1997,1.3680507,1054.34735827552,0
Indonesia,1998,1.1764085,459.191863103941,0
Indonesia,1999,1.3839109,663.523229868446,0
Indonesia,2000,1.3141832,770.865351580294,0
Indonesia,2001,1.4601983,739.003946535355,0
Indonesia,2002,1.4014755,888.901389665655,0
Indonesia,2003,1.5212358,1052.41319921916,0
Indonesia,2004,1.5182068,1136.75521127965,0
Indonesia,2005,1.519271,1249.39769359418,0
Indonesia,2006,1.4954154,1572.79793972155,0
Indonesia,2007,1.6514556,1840.32992667702,0
Indonesia,2008,1.5370413,2144.38954419287,0
Indonesia,2009,1.6554897,2239.09526529896,0
Indonesia,2010,1.8269529,3094.44307866403,0
Indonesia,2011,2.026407,3613.8008884858,0
Indonesia,2012,2.06198,3668.21208337097,0
Indonesia,2013,1.9309183,3602.88551680629,0
Indonesia,2014,1.9041111,3476.62485441547,0
Indonesia,2015,2.0809183,3322.58167895444,0
Indonesia,2016,2.062575,3558.81885175737,0
Indonesia,2017,2.1056583,3839.78507460491,0
Indonesia,2018,2.224542,3902.661675559,0
Indonesia,2019,2.4144928,4151.22755440796,0
Indonesia,2020,2.2290483,3895.61815200225,0
Indonesia,2021,2.2499223,4334.2159826606,0
Indonesia,2022,2.6456614,4787.99930771921,0
Ireland,1960,3.973048,685.61471237976,1
Ireland,1961,4.400623,739.276406442666,1
Ireland,1962,4.6592236,797.006288353959,1
Ireland,1963,4.76163,852.135301717888,1
Ireland,1964,5.010174,965.135422676745,1
Ireland,1965,4.8090773,1023.77372640936,1
Ireland,1966,5.2650213,1074.50650554958,1
Ireland,1967,5.6872325,1152.00495214994,1
Ireland,1968,6.139207,1124.51663608246,1
Ireland,1969,6.339791,1291.34992028637,1
Ireland,1970,6.601794,1486.51452734638,1
Ireland,1971,7.569262,1703.93218277317,1
Ireland,1972,7.311365,2080.46514718169,1
Ireland,1973,7.461211,2424.26904706558,1
Ireland,1974,7.4895563,2516.92768605196,1
Ireland,1975,6.9817195,2973.40012301715,1
Ireland,1976,6.954171,2919.58308695615,1
Ireland,1977,7.2415285,3427.0734359204,1
Ireland,1978,7.1332946,4399.98680535092,1
Ireland,1979,8.175281,5429.96200087479,1
Ireland,1980,7.746536,6372.43777545453,1
Ireland,1981,7.609568,5986.1541089392,1
Ireland,1982,7.4078927,6160.63829313723,1
Ireland,1983,7.408406,5915.24177164341,1
Ireland,1984,7.3187943,5692.02738597285,1
Ireland,1985,7.630198,6011.7355464232,1
Ireland,1986,8.120866,8112.17136316453,1
Ireland,1987,8.602419,9581.91308572415,1
Ireland,1988,8.542985,10715.8702780539,1
Ireland,1989,8.630023,11175.816603647,1
Ireland,1990,9.452202,14031.3025675469,1
Ireland,1991,9.608038,14087.2074393708,1
Ireland,1992,9.493141,15714.3847487231,1
Ireland,1993,9.509086,14657.0615549805,1
Ireland,1994,9.787742,15902.9296755168,1
Ireland,1995,10.016238,19158.4564773907,1
Ireland,1996,10.388723,20835.8977130847,1
Ireland,1997,10.66025,22551.1139134126,1
Ireland,1998,11.066219,24294.8547674007,1
Ireland,1999,11.408902,26338.1077543817,1
Ireland,2000,12.005748,26334.5672050501,1
Ireland,2001,12.4333725,28282.409882073,1
Ireland,2002,11.833219,32705.4345565698,1
Ireland,2003,11.540162,41203.5295847568,1
Ireland,2004,11.450207,47754.2023194244,1
Ireland,2005,11.684938,50933.0216095589,1
Ireland,2006,11.241227,54329.1618599624,1
Ireland,2007,10.9325285,61396.417461176,1
Ireland,2008,10.637611,61353.1065629523,1
Ireland,2009,9.373554,52133.0906162544,1
Ireland,2010,9.236927,48663.6004439251,1
Ireland,2011,8.374151,52219.7057327581,1
Ireland,2012,8.374802,48943.8206459561,1
Ireland,2013,8.124482,51496.9616850661,1
Ireland,2014,7.9731493,55752.7649838131,1
Ireland,2015,8.298437,62179.2642662951,1
Ireland,2016,8.560532,62784.0656875694,1
Ireland,2017,8.189318,70150.7370157965,1
Ireland,2018,8.069606,79446.9391085469,1
Ireland,2019,7.623691,80848.3019020489,1
Ireland,2020,7.1012745,85973.0884875501,1
Ireland,2021,7.5297494,102001.798249145,1
Ireland,2022,7.7211185,103983.29133582,1
Japan,1960,2.4612293,475.319075592173,1
Japan,1961,2.9656074,568.907742697122,1
Japan,1962,3.0421822,639.640785435342,1
Japan,1963,3.3403232,724.693762224539,1
Japan,1964,3.650259,843.616878543607,1
Japan,1965,3.8853528,928.518848597045,1
Japan,1966,4.1729674,1068.55843990563,1
Japan,1967,4.8194404,1239.31837741267,1
Japan,1968,5.46505,1451.33770268101,1
Japan,1969,6.2747593,1684.65940266378,1
Japan,1970,7.2850137,2100.74807036009,1
Japan,1971,7.4590225,2321.39092521418,1
Japan,1972,7.8743954,3031.43860570759,1
Japan,1973,8.335792,4061.0133895326,1
Japan,1974,8.229577,4448.31965623627,1
Japan,1975,7.7261634,4775.89953559305,1
Japan,1976,7.9836793,5310.43140904992,1
Japan,1977,8.131974,6472.7877874079,1
Japan,1978,7.785112,9012.13603523182,1
Japan,1979,8.162268,9301.14831026293,1
Japan,1980,8.032944,9668.74626395709,1
Japan,1981,7.8289466,10583.1278908402,1
Japan,1982,7.535027,9779.97490636267,1
Japan,1983,7.353551,10652.0147161768,1
Japan,1984,7.778403,11207.4523524293,1
Japan,1985,7.5330925,11809.4603450715,1
Japan,1986,7.495339,17451.8349394142,1
Japan,1987,7.3815203,21141.7183951789,1
Japan,1988,8.025064,25499.8811728107,1
Japan,1989,8.288119,25265.9487590208,1
Japan,1990,9.355889,25801.3950393094,1
Japan,1991,9.420969,29428.4289039469,1
Japan,1992,9.471475,31992.7902119161,1
Japan,1993,9.390052,36345.2441262708,1
Japan,1994,9.804263,39933.5150564874,1
Japan,1995,9.87809,44197.6191013908,1
Japan,1996,9.954532,39150.0396308089,1
Japan,1997,9.872816,35638.2319556941,1
Japan,1998,9.535412,32423.7556133801,1
Japan,1999,9.806297,36610.1683163197,1
Japan,2000,9.966216,39169.3595701504,1
Japan,2001,9.830833,34406.1824638092,1
Japan,2002,10.045322,32820.7936433254,1
Japan,2003,10.096226,35387.0374203599,1
Japan,2004,10.046784,38298.9801712303,1
Japan,2005,10.095157,37812.8950199948,1
Japan,2006,9.906935,35991.546002862,1
Japan,2007,10.177901,35779.0245416427,1
Japan,2008,9.619277,39876.3039685725,1
Japan,2009,9.078084,41308.9968370512,1
Japan,2010,9.482092,44968.1562349739,1
Japan,2011,9.87937,48760.0789494211,1
Japan,2012,10.21389,49145.2804308193,1
Japan,2013,10.3007765,40898.6478964744,1
Japan,2014,9.9161,38475.3952461838,1
Japan,2015,9.612256,34960.6393843385,1
Japan,2016,9.468604,39375.4731620781,1
Japan,2017,9.369802,38834.0529341227,1
Japan,2018,9.042501,39751.1330982711,1
Japan,2019,8.780706,40415.9567649547,1
Japan,2020,8.302111,39986.9286287091,1
Japan,2021,8.523455,39827.1267678179,1
Japan,2022,8.501681,33823.5707344332,1
Latvia,1995,3.5542579,2329.57673252552,1
Latvia,1996,3.6352124,2431.70899961616,1
Latvia,1997,3.4739172,2683.2413681237,1
Latvia,1998,3.3736284,2973.53484252681,1
Latvia,1999,3.1812367,3151.57701817354,1
Latvia,2000,2.9602795,3361.64086880275,1
Latvia,2001,3.1778834,3578.00190041351,1
Latvia,2002,3.233392,4136.93329688951,1
Latvia,2003,3.367841,5145.19523190241,1
Latvia,2004,3.4160802,6378.66652057115,1
Latvia,2005,3.4980397,7594.90238431362,1
Latvia,2006,3.770957,9723.44690174779,1
Latvia,2007,3.9698648,14113.5291277327,1
Latvia,2008,3.812731,16467.1436879405,1
Latvia,2009,3.5070047,12331.9285524089,1
Latvia,2010,4.070957,11420.9940032836,1
Latvia,2011,3.7612011,13338.9622350852,1
Latvia,2012,3.662085,13847.3379393194,1
Latvia,2013,3.6277075,15007.4918561719,1
Latvia,2014,3.566914,15742.3913381908,1
Latvia,2015,3.6464014,13786.4567953114,1
Latvia,2016,3.6542797,14331.7515885049,1
Latvia,2017,3.691466,15695.1151541059,1
Latvia,2018,4.0622435,17865.0310947642,1
Latvia,2019,3.9918807,17883.3494113217,1
Latvia,2020,3.6898801,18096.2027073394,1
Latvia,2021,3.863811,20930.3982374189,1
Latvia,2022,3.561689,21779.5042572825,1
Liechtenstein,1970,5.258159,4272.33917413659,1
Liechtenstein,1971,5.395051,4874.74068568322,1
Liechtenstein,1972,4.9104443,5712.07833053628,1
Liechtenstein,1973,6.0406713,7457.14267024043,1
Liechtenstein,1974,4.817456,8568.7986960907,1
Liechtenstein,1975,5.9630833,10698.6149306823,1
Liechtenstein,1976,5.7024446,11636.8850558519,1
Liechtenstein,1977,6.3915634,12750.2045742454,1
Liechtenstein,1978,6.2700515,18050.4882373182,1
Liechtenstein,1979,5.3029904,20440.8963435118,1
Liechtenstein,1980,6.306269,21385.4082668544,1
Liechtenstein,1981,5.841643,20186.5284512142,1
Liechtenstein,1982,4.036949,20323.7479189962,1
Liechtenstein,1983,5.011426,20112.209744408,1
Liechtenstein,1984,5.159658,19024.2616144188,1
Liechtenstein,1985,6.3485622,19752.6082678208,1
Liechtenstein,1986,7.1787148,28696.1155602216,1
Liechtenstein,1987,4.90197,38227.0349274202,1
Liechtenstein,1988,6.401781,41574.4943822489,1
Liechtenstein,1989,6.5935454,39495.8493921565,1
Liechtenstein,1990,6.911355,49418.015517964,1
Liechtenstein,1991,7.067998,50883.1699859272,1
Liechtenstein,1992,6.989901,55142.7277458715,1
Liechtenstein,1993,7.159209,55747.2092725543,1
Liechtenstein,1994,6.6007285,63984.288197567,1
Liechtenstein,1995,6.606341,78618.4869115981,1
Liechtenstein,1996,6.567393,79905.957603548,1
Liechtenstein,1997,6.86825,72344.658573775,1
Liechtenstein,1998,7.1170135,77033.2123647915,1
Liechtenstein,1999,6.941573,81683.4555017209,1
Liechtenstein,2000,6.560779,75210.1331775911,1
Liechtenstein,2001,6.4268904,74658.453942256,1
Liechtenstein,2002,6.5252385,79797.5468904958,1
Liechtenstein,2003,6.741175,90317.7368065187,1
Liechtenstein,2004,6.6827188,100710.606348234,1
Liechtenstein,2005,6.612932,105751.498912828,1
Liechtenstein,2006,6.619723,114652.242430174,1
Liechtenstein,2007,5.7076178,130908.389678938,1
Liechtenstein,2008,6.1972055,143540.573432591,1
Liechtenstein,2009,5.752962,126261.397282982,1
Liechtenstein,2010,5.3085012,141466.827324144,1
Liechtenstein,2011,4.8817277,158603.608966707,1
Liechtenstein,2012,5.073783,149461.78557146,1
Liechtenstein,2013,5.2270875,173659.411799089,1
Liechtenstein,2014,4.3442616,179467.516166777,1
Liechtenstein,2015,4.2745466,167809.269874833,1
Liechtenstein,2016,3.9818761,165845.995200652,1
Liechtenstein,2017,4.108266,170875.682067431,1
Liechtenstein,2018,3.7416568,175286.679024684,1
Liechtenstein,2019,3.8707013,167259.160311816,1
Liechtenstein,2020,3.6595674,165287.186766512,1
Liechtenstein,2021,3.7350607,197504.548936258,1
Luxembourg,1960,36.629093,2242.0158166161,1
Luxembourg,1961,36.580036,2222.36636636277,1
Luxembourg,1962,36.08063,2311.79884893619,1
Luxembourg,1963,35.410664,2441.03855530008,1
Luxembourg,1964,37.673428,2755.63311653279,1
Luxembourg,1965,36.971375,2780.09271886584,1
Luxembourg,1966,34.851803,2900.43321843978,1
Luxembourg,1967,33.82433,2909.66062936858,1
Luxembourg,1968,36.37062,3175.36736882691,1
Luxembourg,1969,38.96762,3658.90068296888,1
Luxembourg,1970,40.475006,4298.03389742102,1
Luxembourg,1971,38.581238,4435.39800823681,1
Luxembourg,1972,38.988323,5486.72062789089,1
Luxembourg,1973,40.59391,7447.21301786664,1
Luxembourg,1974,41.047718,8966.72895879047,1
Luxembourg,1975,33.544598,8701.30473139249,1
Luxembourg,1976,33.32911,9490.6903118849,1
Luxembourg,1977,30.574385,10486.3357891095,1
Luxembourg,1978,32.90406,13034.3882079614,1
Luxembourg,1979,33.510323,15204.3308191994,1
Luxembourg,1980,30.443203,16531.1148988397,1
Luxembourg,1981,26.025719,13837.1299814617,1
Luxembourg,1982,24.447992,12590.9767956204,1
Luxembourg,1983,22.887058,12374.0304234408,1
Luxembourg,1984,24.616035,12126.9391987909,1
Luxembourg,1985,25.204838,12481.9658448559,1
Luxembourg,1986,24.746542,18149.8692500239,1
Luxembourg,1987,23.782467,22443.4314633012,1
Luxembourg,1988,24.367577,25219.3542781732,1
Luxembourg,1989,26.120216,26618.0695774968,1
Luxembourg,1990,30.98945,33465.478207919,1
Luxembourg,1991,32.181065,35747.3377992066,1
Luxembourg,1992,31.166605,39570.8615665986,1
Luxembourg,1993,31.136255,40066.7242518773,1
Luxembourg,1994,28.71006,43933.235442736,1
Luxembourg,1995,22.460876,51032.349635318,1
Luxembourg,1996,22.283075,50444.3591236175,1
Luxembourg,1997,20.467562,46641.6408754876,1
Luxembourg,1998,18.091682,47445.3810812051,1
Luxembourg,1999,18.90661,50872.4492684624,1
Luxembourg,2000,19.9792,48659.5988753233,1
Luxembourg,2001,20.862108,48440.1420151355,1
Luxembourg,2002,22.382103,53005.7339209179,1
Luxembourg,2003,23.15829,65689.3214536911,1
Luxembourg,2004,25.822998,76544.9170868473,1
Luxembourg,2005,25.984957,80988.1376230858,1
Luxembourg,2006,25.213663,90788.8004876145,1
Luxembourg,2007,23.562086,107475.320297978,1
Luxembourg,2008,22.86432,120422.137934157,1
Luxembourg,2009,21.3514,109419.746953106,1
Luxembourg,2010,22.082712,110885.991378721,1
Luxembourg,2011,21.424578,119025.057203467,1
Luxembourg,2012,20.490171,112584.676270958,1
Luxembourg,2013,19.037624,120000.140729859,1
Luxembourg,2014,17.665773,123678.702143275,1
Luxembourg,2015,16.42211,105462.012584423,1
Luxembourg,2016,15.58947,106899.293549552,1
Luxembourg,2017,15.542759,110193.213797228,1
Luxembourg,2018,15.748627,116786.511654677,1
Luxembourg,2019,15.757939,112726.439672814,1
Luxembourg,2020,12.797711,116905.370396853,1
Luxembourg,2021,13.18523,133711.794435985,1
Luxembourg,2022,11.618432,125006.021815486,1
Malaysia,1960,0.5363242,244.611029147424,0
Malaysia,1961,0.5801901,235.529665759398,0
Malaysia,1962,0.5738133,240.441757073728,0
Malaysia,1963,0.6793012,292.575818466649,0
Malaysia,1964,0.8374225,302.676168311571,0
Malaysia,1965,0.92181426,325.193319349042,0
Malaysia,1966,1.0529052,336.556442214153,0
Malaysia,1967,1.0569302,332.800673787474,0
Malaysia,1968,1.0721815,339.096538995784,0
Malaysia,1969,0.9081738,364.208619684637,0
Malaysia,1970,1.4152114,374.922880515267,0
Malaysia,1971,1.5790089,402.214928171777,0
Malaysia,1972,1.6572151,466.906604502358,0
Malaysia,1973,1.5823604,692.681498588649,0
Malaysia,1974,1.6801362,837.76335597726,0
Malaysia,1975,1.6737158,800.382442738551,0
Malaysia,1976,2.0065055,927.805159228125,0
Malaysia,1977,1.8512956,1075.33925512219,0
Malaysia,1978,1.854324,1304.06733907703,0
Malaysia,1979,2.1208465,1647.63082237476,0
Malaysia,1980,2.1211572,1852.9636497851,0
Malaysia,1981,2.276342,1843.34936908443,0
Malaysia,1982,2.2011254,1925.46783972146,0
Malaysia,1983,2.662049,2123.25859655901,0
Malaysia,1984,2.3691506,2311.17037659646,0
Malaysia,1985,2.4046485,2065.08833505656,0
Malaysia,1986,2.5774498,1782.54224954929,0
Malaysia,1987,2.5495796,2007.1729195507,0
Malaysia,1988,2.5942633,2134.51914526781,0
Malaysia,1989,2.9426231,2282.46997060592,0
Malaysia,1990,3.0980864,2513.24139547744,0
Malaysia,1991,3.651186,2727.52858528083,0
Malaysia,1992,3.9381533,3193.6353810378,0
Malaysia,1993,4.5521417,3511.53262892184,0
Malaysia,1994,4.494224,3802.10762079454,0
Malaysia,1995,5.504375,4405.11676395634,0
Malaysia,1996,5.347406,4874.81972520082,0
Malaysia,1997,5.629809,4706.31491259882,0
Malaysia,1998,5.0334234,3308.83565299935,0
Malaysia,1999,4.6487627,3538.36299288587,0
Malaysia,2000,5.3552947,4087.56259349384,0
Malaysia,2001,5.559729,3941.12266621369,0
Malaysia,2002,5.4690075,4177.10494176499,0
Malaysia,2003,6.1999974,4454.52676383656,0
Malaysia,2004,6.6978498,4924.33811126582,0
Malaysia,2005,6.556486,5536.83748306949,0
Malaysia,2006,6.4190946,6137.15053996313,0
Malaysia,2007,6.475966,7144.00023998183,0
Malaysia,2008,6.9709706,8343.3033817446,0
Malaysia,2009,6.8085785,7167.87719423373,0
Malaysia,2010,6.9415693,8880.14580454109,0
Malaysia,2011,6.9713326,10209.3719445027,0
Malaysia,2012,7.1809983,10601.5104558966,0
Malaysia,2013,8.019667,10727.6690215542,0
Malaysia,2014,8.006472,11045.5801207599,0
Malaysia,2015,7.580128,9699.60046342736,0
Malaysia,2016,7.5117126,9555.66959336559,0
Malaysia,2017,7.63407,9979.70447282371,0
Malaysia,2018,8.092997,11073.9789704691,0
Malaysia,2019,8.154313,11132.1027429418,0
Malaysia,2020,8.109902,10164.344431073,0
Malaysia,2021,8.3059,11134.6229528189,0
Malaysia,2022,8.576508,11993.1876132994,0
Mexico,1960,1.7385079,359.545059695095,0
Mexico,1960,1.7385079,359.545059695095,0
Mexico,1961,1.7425507,378.212027746126,0
Mexico,1961,1.7425507,378.212027746126,0
Mexico,1962,1.6478363,392.934591409938,0
Mexico,1962,1.6478363,392.934591409938,0
Mexico,1963,1.6580461,424.189633975869,0
Mexico,1963,1.6580461,424.189633975869,0
Mexico,1964,1.7951406,485.800050021921,0
Mexico,1964,1.7951406,485.800050021921,0
Mexico,1965,1.7588074,511.020744985416,0
Mexico,1965,1.7588074,511.020744985416,0
Mexico,1966,1.8298723,550.46988331057,0
Mexico,1966,1.8298723,550.46988331057,0
Mexico,1967,1.9713428,581.729450555001,0
Mexico,1967,1.9713428,581.729450555001,0
Mexico,1968,1.990387,622.425063446123,0
Mexico,1968,1.990387,622.425063446123,0
Mexico,1969,2.0974536,666.74338594872,0
Mexico,1969,2.0974536,666.74338594872,0
Mexico,1970,2.265903,706.313187141616,0
Mexico,1970,2.265903,706.313187141616,0
Mexico,1971,2.4314537,755.332488401455,0
Mexico,1971,2.4314537,755.332488401455,0
Mexico,1972,2.4703546,844.174438114132,0
Mexico,1972,2.4703546,844.174438114132,0
Mexico,1973,2.6084216,1000.93787226791,0
Mexico,1973,2.6084216,1000.93787226791,0
Mexico,1974,2.7170944,1264.35836973632,0
Mexico,1974,2.7170944,1264.35836973632,0
Mexico,1975,2.7966225,1499.35556675453,0
Mexico,1975,2.7966225,1499.35556675453,0
Mexico,1976,3.039402,1470.1767593974,0
Mexico,1976,3.039402,1470.1767593974,0
Mexico,1977,3.0900497,1315.59144277125,0
Mexico,1977,3.0900497,1315.59144277125,0
Mexico,1978,3.463855,1600.7824699249,0
Mexico,1978,3.463855,1600.7824699249,0
Mexico,1979,3.641779,2039.19907156631,0
Mexico,1979,3.641779,2039.19907156631,0
Mexico,1980,3.9545546,3036.35611407954,0
Mexico,1980,3.9545546,3036.35611407954,0
Mexico,1981,4.097819,3810.24797105143,0
Mexico,1981,4.097819,3810.24797105143,0
Mexico,1982,4.3011446,2612.66652360209,0
Mexico,1982,4.3011446,2612.66652360209,0
Mexico,1983,3.850786,2166.56948940694,0
Mexico,1983,3.850786,2166.56948940694,0
Mexico,1984,3.7644565,2506.89374732113,0
Mexico,1984,3.7644565,2506.89374732113,0
Mexico,1985,3.8381572,2607.66446516842,0
Mexico,1985,3.8381572,2607.66446516842,0
Mexico,1986,3.849323,1765.26278274659,0
Mexico,1986,3.849323,1765.26278274659,0
Mexico,1987,3.945948,1902.46153428333,0
Mexico,1987,3.945948,1902.46153428333,0
Mexico,1988,3.8744805,2302.02195363862,0
Mexico,1988,3.8744805,2302.02195363862,0
Mexico,1989,4.0317235,2759.47591912687,0
Mexico,1989,4.0317235,2759.47591912687,0
Mexico,1990,3.8795977,3196.92006131977,0
Mexico,1990,3.8795977,3196.92006131977,0
Mexico,1991,3.9607296,3756.85259707081,0
Mexico,1991,3.9607296,3756.85259707081,0
Mexico,1992,3.9153757,4272.78872597018,0
Mexico,1992,3.9153757,4272.78872597018,0
Mexico,1993,3.9015958,6118.52586329108,0
Mexico,1993,3.9015958,6118.52586329108,0
Mexico,1994,3.9839828,6268.71832284995,0
Mexico,1994,3.9839828,6268.71832284995,0
Mexico,1995,3.6806078,4225.40044835213,0
Mexico,1995,3.6806078,4225.40044835213,0
Mexico,1996,3.731603,4718.57408573156,0
Mexico,1996,3.731603,4718.57408573156,0
Mexico,1997,3.892123,5617.43024399101,0
Mexico,1997,3.892123,5617.43024399101,0
Mexico,1998,4.023621,5882.4214338638,0
Mexico,1998,4.023621,5882.4214338638,0
Mexico,1999,4.0096645,6552.6610754969,0
Mexico,1999,4.0096645,6552.6610754969,0
Mexico,2000,4.0023623,7581.84564147003,0
Mexico,2000,4.0023623,7581.84564147003,0
Mexico,2001,4.1021533,8009.15833972447,0
Mexico,2001,4.1021533,8009.15833972447,0
Mexico,2002,4.0677557,8032.99212058539,0
Mexico,2002,4.0677557,8032.99212058539,0
Mexico,2003,4.2583475,7473.93237537911,0
Mexico,2003,4.2583475,7473.93237537911,0
Mexico,2004,4.2214255,7883.5231908285,0
Mexico,2004,4.2214255,7883.5231908285,0
Mexico,2005,4.39713,8702.11448090478,0
Mexico,2005,4.39713,8702.11448090478,0
Mexico,2006,4.441561,9545.28672531477,0
Mexico,2006,4.441561,9545.28672531477,0
Mexico,2007,4.3742833,10178.4422371206,0
Mexico,2007,4.3742833,10178.4422371206,0
Mexico,2008,4.313347,10589.9518745518,0
Mexico,2008,4.313347,10589.9518745518,0
Mexico,2009,4.146058,8495.65308070414,0
Mexico,2009,4.146058,8495.65308070414,0
Mexico,2010,4.057475,9823.16407600128,0
Mexico,2010,4.057475,9823.16407600128,0
Mexico,2011,4.2348022,10766.6099388208,0
Mexico,2011,4.2348022,10766.6099388208,0
Mexico,2012,4.332987,10842.7330888296,0
Mexico,2012,4.332987,10842.7330888296,0
Mexico,2013,4.2244205,11317.4910611485,0
Mexico,2013,4.2244205,11317.4910611485,0
Mexico,2014,4.076545,11490.0216901556,0
Mexico,2014,4.076545,11490.0216901556,0
Mexico,2015,3.9910128,10098.1731805195,0
Mexico,2015,3.9910128,10098.1731805195,0
Mexico,2016,3.9482622,9152.73722334937,0
Mexico,2016,3.9482622,9152.73722334937,0
Mexico,2017,3.7904897,9693.33009125499,0
Mexico,2017,3.7904897,9693.33009125499,0
Mexico,2018,3.792204,10130.3206984553,0
Mexico,2018,3.792204,10130.3206984553,0
Mexico,2019,3.744022,10434.5783651735,0
Mexico,2019,3.744022,10434.5783651735,0
Mexico,2020,3.5102782,8894.89065003643,0
Mexico,2020,3.5102782,8894.89065003643,0
Mexico,2021,3.6998608,10359.1498625832,0
Mexico,2021,3.6998608,10359.1498625832,0
Mexico,2022,4.0153365,11496.5228716049,0
Mexico,2022,4.0153365,11496.5228716049,0
Netherlands,1960,6.389699,1068.78458723735,1
Netherlands,1961,6.509517,1159.39235716074,1
Netherlands,1962,7.055719,1240.67789437294,1
Netherlands,1963,7.6217933,1328.03664879968,1
Netherlands,1964,7.9862967,1541.94736519029,1
Netherlands,1965,8.178987,1708.09635648862,1
Netherlands,1966,8.333408,1835.80142351034,1
Netherlands,1967,8.482341,1991.36068565042,1
Netherlands,1968,8.9136305,2185.24865888657,1
Netherlands,1969,8.98997,2642.95611830093,1
Netherlands,1970,10.876416,2927.07293946175,1
Netherlands,1971,10.667261,3378.61479729144,1
Netherlands,1972,11.820265,4104.45102978895,1
Netherlands,1973,12.289192,5345.57544377587,1
Netherlands,1974,11.797851,6440.97842006268,1
Netherlands,1975,11.1626005,7335.5089973343,1
Netherlands,1976,12.291382,7925.6880622655,1
Netherlands,1977,11.807942,9166.80819524307,1
Netherlands,1978,12.172054,11179.3895620565,1
Netherlands,1979,13.31932,12798.5432457441,1
Netherlands,1980,12.500141,13791.8622639458,1
Netherlands,1981,11.542947,11520.4478716306,1
Netherlands,1982,9.337028,11072.6584545573,1
Netherlands,1983,9.558849,10680.3590423923,1
Netherlands,1984,9.976012,9977.1602168293,1
Netherlands,1985,10.125585,9926.1299705666,1
Netherlands,1986,9.869051,13783.8501091364,1
Netherlands,1987,10.322129,16709.5596773838,1
Netherlands,1988,9.863133,17744.5013844684,1
Netherlands,1989,10.886312,17397.6916825595,1
Netherlands,1990,10.884578,21290.8603827045,1
Netherlands,1991,11.372063,21732.2307621923,1
Netherlands,1992,11.281211,23904.037415058,1
Netherlands,1993,11.203348,23122.4107668645,1
Netherlands,1994,11.18267,24646.3143096269,1
Netherlands,1995,11.212846,29258.1343486211,1
Netherlands,1996,11.731838,29006.8094454171,1
Netherlands,1997,11.214738,26700.5371335926,1
Netherlands,1998,11.2091875,27885.8083823465,1
Netherlands,1999,10.805018,28272.6432492539,1
Netherlands,2000,10.819221,26214.498549887,1
Netherlands,2001,11.084364,26896.5481111196,1
Netherlands,2002,10.989949,29343.2449960602,1
Netherlands,2003,11.154617,35750.9746630269,1
Netherlands,2004,11.223762,40436.6182310407,1
Netherlands,2005,10.937212,41994.7135305232,1
Netherlands,2006,10.5962715,44900.9381441374,1
Netherlands,2007,10.538973,51799.2085521047,1
Netherlands,2008,10.674526,57879.9437553916,1
Netherlands,2009,10.300809,52722.2130568997,1
Netherlands,2010,10.974161,50999.7451168879,1
Netherlands,2011,10.126284,54230.3129029852,1
Netherlands,2012,9.858733,50070.1416045904,1
Netherlands,2013,9.774754,52198.8975607454,1
Netherlands,2014,9.287887,52900.537415323,1
Netherlands,2015,9.612182,45193.4032187971,1
Netherlands,2016,9.617285,46039.1059284098,1
Netherlands,2017,9.4264345,48675.2223350213,1
Netherlands,2018,9.148068,53044.5324352253,1
Netherlands,2019,8.783454,52476.2732533327,1
Netherlands,2020,7.8398657,52162.5701150406,1
Netherlands,2021,7.993908,58727.8705471475,1
Netherlands,2022,7.1372175,57025.01245598,1
Norway,1960,3.6539803,1441.75566002633,1
Norway,1961,3.6940427,1560.3249311723,1
Norway,1962,3.8636587,1667.2474297782,1
Norway,1963,4.0812902,1775.58265544979,1
Norway,1964,4.376657,1937.88461385928,1
Norway,1965,4.4017396,2164.46882336736,1
Norway,1966,5.2064133,2317.19488382656,1
Norway,1967,5.1010766,2514.04377214705,1
Norway,1968,5.532504,2662.11749153117,1
Norway,1969,5.7683196,2875.23584396858,1
Norway,1970,7.2192965,3306.21947607769,1
Norway,1971,6.960457,3736.34873749991,1
Norway,1972,7.4738636,4413.57569168528,1
Norway,1973,7.698587,5689.5888066967,1
Norway,1974,6.947948,6811.52733653232,1
Norway,1975,7.6362596,8204.45151152979,1
Norway,1976,8.278573,8927.20162734477,1
Norway,1977,8.238064,10266.1206718698,1
Norway,1978,8.037989,11462.5945916053,1
Norway,1979,8.501873,13046.5372210653,1
Norway,1980,7.7774677,15772.2409073814,1
Norway,1981,7.7575016,15512.5067043575,1
Norway,1982,7.512171,15224.8939100982,1
Norway,1983,7.7380815,14927.5174766339,1
Norway,1984,8.166269,14989.4857665906,1
Norway,1985,7.7747164,15753.5527652129,1
Norway,1986,8.346882,18883.2333523873,1
Norway,1987,7.9309134,22505.8622623684,1
Norway,1988,8.454768,24207.281468963,1
Norway,1989,8.07837,24281.1304051396,1
Norway,1990,8.252238,28242.981402822,1
Norway,1991,7.850515,28596.9330036444,1
Norway,1992,8.023684,30523.9850558974,1
Norway,1993,8.334148,27963.6979095744,1
Norway,1994,8.7284355,29315.8092337732,1
Norway,1995,8.822004,34875.7043347536,1
Norway,1996,9.477096,37321.9741993473,1
Norway,1997,9.448772,36629.0309036621,1
Norway,1998,9.436168,34803.4634058738,1
Norway,1999,9.544954,36393.2927471088,1
Norway,2000,9.376105,38178.2368777076,1
Norway,2001,9.636202,38601.897639231,1
Norway,2002,9.37614,43170.557174499,1
Norway,2003,9.616297,50250.3298214345,1
Norway,2004,9.63268,57768.6980958462,1
Norway,2005,9.356811,67047.1704558264,1
Norway,2006,9.4059725,74434.4996835671,1
Norway,2007,9.67984,85502.2677087731,1
Norway,2008,9.368472,97503.5407803783,1
Norway,2009,8.920949,80347.5700665184,1
Norway,2010,9.32993,88163.2085931423,1
Norway,2011,9.033292,101221.813476644,1
Norway,2012,8.812012,102175.919298374,1
Norway,2013,8.761842,103553.840134417,1
Norway,2014,8.750223,97666.6951838749,1
Norway,2015,8.7651005,74809.9658049898,1
Norway,2016,8.531886,70867.3609970749,1
Norway,2017,8.3687105,76131.8384032764,1
Norway,2018,8.35887,82792.8427113304,1
Norway,2019,8.001257,76430.5889473338,1
Norway,2020,7.663988,68340.0181033702,1
Norway,2021,7.5935297,90655.3910229392,1
Norway,2022,7.5093055,106177.197179078,1
Poland,1990,9.894882,1731.2095094382,1
Poland,1991,9.789059,2235.54108862522,1
Poland,1992,9.5291195,2459.02068468253,1
Poland,1993,9.52979,2497.13055936127,1
Poland,1994,9.386685,2874.83163555069,1
Poland,1995,9.4426,3686.84514580278,1
Poland,1996,9.82478,4147.46550145483,1
Poland,1997,9.564396,4123.14567666725,1
Poland,1998,8.834719,4518.10822630174,1
Poland,1999,8.584712,4398.07217426732,1
Poland,2000,8.244563,4501.47996121234,1
Poland,2001,8.108571,4991.24435799511,1
Poland,2002,7.9209,5207.129304207,1
Poland,2003,8.258339,5701.63886301914,1
Poland,2004,8.38931,6681.30975087388,1
Poland,2005,8.36701,8021.54789037388,1
Poland,2006,8.731447,9035.53275810927,1
Poland,2007,8.720246,11254.3140875349,1
Poland,2008,8.555099,13995.7811598115,1
Poland,2009,8.196572,11525.9007370991,1
Poland,2010,8.659261,12504.2501856093,1
Poland,2011,8.63779,13776.3883624327,1
Poland,2012,8.43873,13010.7555868425,1
Poland,2013,8.3384905,13558.3411314221,1
Poland,2014,8.024037,14181.9486817352,1
Poland,2015,8.111281,12560.051419682,1
Poland,2016,8.396815,12378.8117641782,1
Poland,2017,8.739704,13815.4999463758,1
Poland,2018,8.72451,15504.5089370714,1
Poland,2019,8.252866,15700.0135796738,1
Poland,2020,7.870152,15816.8204021382,1
Poland,2021,8.64257,18050.2794441161,1
Poland,2022,8.106886,18688.0044867103,1
Portugal,1960,0.92468673,360.499298506858,1
Portugal,1961,1.0203565,382.729946994368,1
Portugal,1962,1.0431707,407.852843612372,1
Portugal,1963,1.1239239,432.511729575075,1
Portugal,1964,1.2360169,468.781081635443,1
Portugal,1965,1.3015325,520.910659367884,1
Portugal,1966,1.3325038,575.007680668221,1
Portugal,1967,1.3991308,646.82272006084,1
Portugal,1968,1.4727997,719.08049185329,1
Portugal,1969,1.6642947,795.759371391099,1
Portugal,1970,1.7546219,934.082156096117,1
Portugal,1971,1.8821514,1064.53771257341,1
Portugal,1972,2.0725417,1302.2662677393,1
Portugal,1973,2.2265189,1747.98904060266,1
Portugal,1974,2.2737682,2000.41824574682,1
Portugal,1975,2.3118434,2127.6375072593,1
Portugal,1976,2.3928494,2173.28393425975,1
Portugal,1977,2.3897843,2267.37100319478,1
Portugal,1978,2.3579197,2457.31321644599,1
Portugal,1979,2.5660903,2755.6246177008,1
Portugal,1980,2.7361073,3368.36666940279,1
Portugal,1981,2.7392886,3245.97521367748,1
Portugal,1982,2.9279716,3079.94956634271,1
Portugal,1983,3.007054,2735.49106580047,1
Portugal,1984,2.8866506,2522.74747620658,1
Portugal,1985,2.7138107,2705.19300197317,1
Portugal,1986,3.0187848,3861.9484333688,1
Portugal,1987,3.1135423,4803.86609546941,1
Portugal,1988,3.249182,5623.69699982123,1
Portugal,1989,4.073945,6056.38102771889,1
Portugal,1990,4.5245576,7884.61798756332,1
Portugal,1991,4.716114,8958.9853330247,1
Portugal,1992,5.1028576,10810.5665079626,1
Portugal,1993,4.947309,9534.6563637308,1
Portugal,1994,5.011603,9977.31990905771,1
Portugal,1995,5.4190645,11781.3618502221,1
Portugal,1996,5.131173,12185.0914010629,1
Portugal,1997,5.3923135,11575.5071124358,1
Portugal,1998,5.812571,12199.206385024,1
Portugal,1999,6.531322,12475.2917701476,1
Portugal,2000,6.369645,11526.3720667968,1
Portugal,2001,6.2816863,11734.7649743954,1
Portugal,2002,6.668611,12936.6928204482,1
Portugal,2003,6.154273,15797.7821340276,1
Portugal,2004,6.4089117,18064.1580932987,1
Portugal,2005,6.6171756,18780.12751241,1
Portugal,2006,6.149769,19839.4540499032,1
Portugal,2007,5.9016933,22811.0564844365,1
Portugal,2008,5.6732016,24949.0413566739,1
Portugal,2009,5.394634,23151.2154130712,1
Portugal,2010,4.9992423,22520.6423124045,1
Portugal,2011,4.8973675,23217.2954965207,1
Portugal,2012,4.7422686,20563.7136012629,1
Portugal,2013,4.5967374,21653.1959752225,1
Portugal,2014,4.6006246,22103.7009703321,1
Portugal,2015,5.0362997,19250.1065376852,1
Portugal,2016,4.874472,19991.9724878805,1
Portugal,2017,5.3462167,21490.429863104,1
Portugal,2018,4.992572,23562.5545228191,1
Portugal,2019,4.6155887,23330.817288932,1
Portugal,2020,4.048791,22242.406417972,1
Portugal,2021,3.8812351,24661.1664874576,1
Portugal,2022,4.050785,24515.2658507319,1
Saudi Arabia,1968,5.1884537,747.206073728801,0
Saudi Arabia,1969,6.0345297,767.476157091721,0
Saudi Arabia,1970,7.4107285,880.625720441671,0
Saudi Arabia,1971,9.3418455,1123.2141593584,0
Saudi Arabia,1972,10.451963,1437.21056542895,0
Saudi Arabia,1973,13.409046,2108.62543423708,0
Saudi Arabia,1974,13.18925,6068.40856536755,0
Saudi Arabia,1975,10.542634,5922.49237968157,0
Saudi Arabia,1976,12.195311,7693.39419920037,0
Saudi Arabia,1977,13.485719,8473.70009982838,0
Saudi Arabia,1978,12.488327,8714.62697569447,0
Saudi Arabia,1979,14.253739,11553.240223133,0
Saudi Arabia,1980,16.638342,16176.1966243615,0
Saudi Arabia,1981,16.41702,17258.6450011891,0
Saudi Arabia,1982,14.096161,13680.7589795431,0
Saudi Arabia,1983,13.692891,10997.0527910856,0
Saudi Arabia,1984,12.632641,9717.41762538153,0
Saudi Arabia,1985,13.376093,8060.19535012552,0
Saudi Arabia,1986,15.174545,6449.58555997885,0
Saudi Arabia,1987,13.516649,6082.12706527412,0
Saudi Arabia,1988,13.745808,5998.22424649196,0
Saudi Arabia,1989,13.249581,6210.05296304789,0
Saudi Arabia,1990,13.02718,7349.70343546405,0
Saudi Arabia,1991,17.325603,7939.29786353834,0
Saudi Arabia,1992,18.295715,7932.70591037982,0
Saudi Arabia,1993,19.087381,7450.65879757365,0
Saudi Arabia,1994,18.164831,7359.44849822227,0
Saudi Arabia,1995,14.195237,7588.76123400684,0
Saudi Arabia,1996,13.56631,8174.14160893037,0
Saudi Arabia,1997,11.117755,8323.82669881484,0
Saudi Arabia,1998,10.411826,7169.36647746783,0
Saudi Arabia,1999,11.017904,7697.27068405676,0
Saudi Arabia,2000,14.030843,8795.26059641872,0
Saudi Arabia,2001,13.705683,8337.32272366096,0
Saudi Arabia,2002,14.6741705,8380.95929551377,0
Saudi Arabia,2003,14.426714,9321.80387371676,0
Saudi Arabia,2004,16.9477,10935.0165899837,0
Saudi Arabia,2005,16.511742,13462.7630489265,0
Saudi Arabia,2006,17.299736,14848.6020580308,0
Saudi Arabia,2007,14.9281,15756.193622653,0
Saudi Arabia,2008,16.049057,18944.8573494363,0
Saudi Arabia,2009,16.613474,15064.6312806896,0
Saudi Arabia,2010,17.836441,17958.9478313331,0
Saudi Arabia,2011,16.680273,22441.571143891,0
Saudi Arabia,2012,18.390554,24069.2033148131,0
Saudi Arabia,2013,17.297338,23945.5123106892,0
Saudi Arabia,2014,19.076452,23862.8011860096,0
Saudi Arabia,2015,20.728325,20442.3660631613,0
Saudi Arabia,2016,20.87068,19930.407543816,0
Saudi Arabia,2017,19.912016,20910.4829617971,0
Saudi Arabia,2018,19.615448,24175.5833140113,0
Saudi Arabia,2019,19.737017,23405.7060995766,0
Saudi Arabia,2020,16.967278,20398.0609870951,0
Saudi Arabia,2021,17.564127,24315.6185511873,0
Saudi Arabia,2022,18.197495,30447.8837074473,0
Singapore,1960,0.86960703,428.056183371291,1
Singapore,1961,1.2621852,449.148136820776,1
Singapore,1962,1.4689227,472.082740153988,1
Singapore,1963,1.873097,511.202235371449,1
Singapore,1964,1.9873323,485.530686047381,1
Singapore,1965,1.3036119,516.531928636745,1
Singapore,1966,0.2511591,566.803974405961,1
Singapore,1967,1.446598,626.029437593984,1
Singapore,1968,2.5787444,708.601436896422,1
Singapore,1969,3.3975925,812.677487316618,1
Singapore,1970,8.648949,925.797864348214,1
Singapore,1971,7.7653356,1071.41154035538,1
Singapore,1972,10.189743,1264.37510720987,1
Singapore,1973,9.54201,1685.45979632163,1
Singapore,1974,9.729265,2341.70551423633,1
Singapore,1975,10.689513,2489.91157517591,1
Singapore,1976,12.970098,2758.94038028476,1
Singapore,1977,12.04619,2846.33598832854,1
Singapore,1978,13.973079,3193.90565722355,1
Singapore,1979,15.019625,3900.53355310873,1
Singapore,1980,12.676617,4928.13911785754,1
Singapore,1981,10.485096,5596.58597723068,1
Singapore,1982,11.319903,6077.63424070932,1
Singapore,1983,13.021556,6633.23667366491,1
Singapore,1984,12.181397,7228.31758410647,1
Singapore,1985,12.061521,7001.7667477117,1
Singapore,1986,12.401494,6799.93036332671,1
Singapore,1987,11.301487,7539.02930212443,1
Singapore,1988,12.248063,8914.44122574729,1
Singapore,1989,13.919906,10394.5389962406,1
Singapore,1990,14.405174,11861.7561591366,1
Singapore,1991,14.175187,14502.3799938606,1
Singapore,1992,14.695797,16136.2405377661,1
Singapore,1993,14.8949795,18290.130113185,1
Singapore,1994,17.473871,21552.4100366948,1
Singapore,1995,11.441089,24914.8507020358,1
Singapore,1996,13.147368,26232.866096827,1
Singapore,1997,15.087034,26375.8653668113,1
Singapore,1998,12.262941,21829.2737831583,1
Singapore,1999,12.403977,21796.6373891001,1
Singapore,2000,11.938545,23852.8389514753,1
Singapore,2001,11.937913,21699.7414868907,1
Singapore,2002,11.274996,22159.8373710639,1
Singapore,2003,11.696595,23730.3840054566,1
Singapore,2004,10.972935,27608.080013423,1
Singapore,2005,9.571876,29961.3172812732,1
Singapore,2006,9.429944,33768.4528234651,1
Singapore,2007,6.600801,39432.8860198877,1
Singapore,2008,9.652978,40008.5720489092,1
Singapore,2009,9.030742,38926.8054365453,1
Singapore,2010,8.336908,47236.683084953,1
Singapore,2011,6.440885,53891.4570264372,1
Singapore,2012,9.423168,55547.5553077786,1
Singapore,2013,10.023379,56967.4257940383,1
Singapore,2014,9.354522,57564.8023114977,1
Singapore,2015,10.960185,55645.6068614606,1
Singapore,2016,7.0535355,56895.6583127851,1
Singapore,2017,6.94156,61164.8973569773,1
Singapore,2018,8.6052475,66836.521995236,1
Singapore,2019,5.7579384,66070.4868123062,1
Singapore,2020,9.274892,61273.9916594455,1
Singapore,2021,9.397426,77710.0892373091,1
Singapore,2022,8.911513,82807.6290622897,1
Slovenia,1995,7.7113805,10730.4510136379,1
Slovenia,1996,8.037195,10815.1110457688,1
Slovenia,1997,8.295691,10454.9656390657,1
Slovenia,1998,8.066764,11175.7710286265,1
Slovenia,1999,7.759538,11452.7831245082,1
Slovenia,2000,7.586329,10201.3035366727,1
Slovenia,2001,8.223379,10479.7596309273,1
Slovenia,2002,8.350112,11777.1556578814,1
Slovenia,2003,8.17907,14849.0372415032,1
Slovenia,2004,8.365965,17233.1385611279,1
Slovenia,2005,8.446007,18098.9085440003,1
Slovenia,2006,8.531263,19672.9655554146,1
Slovenia,2007,8.571869,23817.8867320201,1
Slovenia,2008,8.986297,27595.5999653992,1
Slovenia,2009,7.92153,24792.1279805504,1
Slovenia,2010,8.0006695,23532.4808545468,1
Slovenia,2011,7.9201775,25128.0150431304,1
Slovenia,2012,7.6156535,22641.805122503,1
Slovenia,2013,7.2999673,23503.2824850255,1
Slovenia,2014,6.535812,24247.1733184083,1
Slovenia,2015,6.5576024,20890.1664304173,1
Slovenia,2016,6.9178114,21678.3594670629,1
Slovenia,2017,6.9656434,23514.0254604147,1
Slovenia,2018,6.8947434,26123.7471277911,1
Slovenia,2019,6.6446157,26042.4463468032,1
Slovenia,2020,6.07037,25558.4290544506,1
Slovenia,2021,6.162082,29331.0647010043,1
Slovenia,2022,5.9979916,28439.3340989687,1
South Africa,1960,5.9225736,529.561922745367,0
South Africa,1960,5.9225736,529.561922745367,0
South Africa,1961,6.010773,543.042223674713,0
South Africa,1961,6.010773,543.042223674713,0
South Africa,1962,6.037203,560.699394468497,0
South Africa,1962,6.037203,560.699394468497,0
South Africa,1963,6.0815763,601.59995091078,0
South Africa,1963,6.0815763,601.59995091078,0
South Africa,1964,6.4261346,642.688430727524,0
South Africa,1964,6.4261346,642.688430727524,0
South Africa,1965,6.678414,681.13111132363,0
South Africa,1965,6.678414,681.13111132363,0
South Africa,1966,6.4798565,718.118179105876,0
South Africa,1966,6.4798565,718.118179105876,0
South Africa,1967,6.553437,775.152812003371,0
South Africa,1967,6.553437,775.152812003371,0
South Africa,1968,6.553454,813.508496698077,0
South Africa,1968,6.553454,813.508496698077,0
South Africa,1969,6.595164,887.246702285698,0
South Africa,1969,6.595164,887.246702285698,0
South Africa,1970,6.688847,948.591793792672,0
South Africa,1970,6.688847,948.591793792672,0
South Africa,1971,7.311893,1016.48336455713,0
South Africa,1971,7.311893,1016.48336455713,0
South Africa,1972,7.239002,1034.49213981645,0
South Africa,1972,7.239002,1034.49213981645,0
South Africa,1973,7.1096945,1364.20606063635,0
South Africa,1973,7.1096945,1364.20606063635,0
South Africa,1974,7.0400834,1650.48290014247,0
South Africa,1974,7.0400834,1650.48290014247,0
South Africa,1975,7.1767187,1664.48000596246,0
South Africa,1975,7.1767187,1664.48000596246,0
South Africa,1976,7.284851,1554.00279783896,0
South Africa,1976,7.284851,1554.00279783896,0
South Africa,1977,7.3432255,1666.49563619103,0
South Africa,1977,7.3432255,1666.49563619103,0
South Africa,1978,7.224443,1846.85220100289,0
South Africa,1978,7.224443,1846.85220100289,0
South Africa,1979,7.6198573,2196.69747134361,0
South Africa,1979,7.6198573,2196.69747134361,0
South Africa,1980,7.745089,3034.66036635394,0
South Africa,1980,7.745089,3034.66036635394,0
South Africa,1981,8.503257,3080.83301853785,0
South Africa,1981,8.503257,3080.83301853785,0
South Africa,1982,9.039699,2769.09621224415,0
South Africa,1982,9.039699,2769.09621224415,0
South Africa,1983,9.160536,3019.09868445626,0
South Africa,1983,9.160536,3019.09868445626,0
South Africa,1984,9.631073,2590.01547951435,0
South Africa,1984,9.631073,2590.01547951435,0
South Africa,1985,9.595049,1909.73972201932,0
South Africa,1985,9.595049,1909.73972201932,0
South Africa,1986,9.475847,2103.19171194125,0
South Africa,1986,9.475847,2103.19171194125,0
South Africa,1987,9.099414,2672.6895377158,0
South Africa,1987,9.099414,2672.6895377158,0
South Africa,1988,9.163398,2780.58620680133,0
South Africa,1988,9.163398,2780.58620680133,0
South Africa,1989,8.811032,2794.39621172023,0
South Africa,1989,8.811032,2794.39621172023,0
South Africa,1990,7.847275,3160.87816137916,0
South Africa,1990,7.847275,3160.87816137916,0
South Africa,1991,7.9691763,3304.82837710984,0
South Africa,1991,7.9691763,3304.82837710984,0
South Africa,1992,7.215516,3519.00129647168,0
South Africa,1992,7.215516,3519.00129647168,0
South Africa,1993,7.5330267,3461.33391131874,0
South Africa,1993,7.5330267,3461.33391131874,0
South Africa,1994,7.8279033,3547.95174828899,0
South Africa,1994,7.8279033,3547.95174828899,0
South Africa,1995,8.222909,3904.32423803244,0
South Africa,1995,8.222909,3904.32423803244,0
South Africa,1996,8.144183,3654.9275981107,0
South Africa,1996,8.144183,3654.9275981107,0
South Africa,1997,8.50662,3731.43156053914,0
South Africa,1997,8.50662,3731.43156053914,0
South Africa,1998,8.227799,3336.4396473055,0
South Africa,1998,8.227799,3336.4396473055,0
South Africa,1999,8.085703,3267.93916857825,0
South Africa,1999,8.085703,3267.93916857825,0
South Africa,2000,8.081188,3241.66139605189,0
South Africa,2000,8.081188,3241.66139605189,0
South Africa,2001,7.868436,2867.47249671099,0
South Africa,2001,7.868436,2867.47249671099,0
South Africa,2002,7.4803147,2708.42333318343,0
South Africa,2002,7.4803147,2708.42333318343,0
South Africa,2003,8.406979,4095.68370023032,0
South Africa,2003,8.406979,4095.68370023032,0
South Africa,2004,9.253365,5268.27857621702,0
South Africa,2004,9.253365,5268.27857621702,0
South Africa,2005,8.49093,5893.18707587233,0
South Africa,2005,8.49093,5893.18707587233,0
South Africa,2006,9.027159,6139.58161766664,0
South Africa,2006,9.027159,6139.58161766664,0
South Africa,2007,9.301619,6662.06278541847,0
South Africa,2007,9.301619,6662.06278541847,0
South Africa,2008,9.792601,6251.87742691265,0
South Africa,2008,9.792601,6251.87742691265,0
South Africa,2009,9.3915415,6444.18684044519,0
South Africa,2009,9.3915415,6444.18684044519,0
South Africa,2010,8.940819,8059.56279824609,0
South Africa,2010,8.940819,8059.56279824609,0
South Africa,2011,8.884027,8737.04126942435,0
South Africa,2011,8.884027,8737.04126942435,0
South Africa,2012,8.635881,8173.8691381716,0
South Africa,2012,8.635881,8173.8691381716,0
South Africa,2013,8.513041,7441.23085399675,0
South Africa,2013,8.513041,7441.23085399675,0
South Africa,2014,8.621777,6965.1378973693,0
South Africa,2014,8.621777,6965.1378973693,0
South Africa,2015,7.9858437,6204.92990145846,0
South Africa,2015,7.9858437,6204.92990145846,0
South Africa,2016,8.099157,5735.06678717842,0
South Africa,2016,8.099157,5735.06678717842,0
South Africa,2017,7.757252,6734.47515314548,0
South Africa,2017,7.757252,6734.47515314548,0
South Africa,2018,7.5905123,7067.72416484458,0
South Africa,2018,7.5905123,7067.72416484458,0
South Africa,2019,8.012615,6702.52661666304,0
South Africa,2019,8.012615,6702.52661666304,0
South Africa,2020,7.3948026,5753.06649433369,0
South Africa,2020,7.3948026,5753.06649433369,0
South Africa,2021,7.1663837,7073.61275411821,0
South Africa,2021,7.1663837,7073.61275411821,0
South Africa,2022,6.7461643,6766.48125429478,0
South Africa,2022,6.7461643,6766.48125429478,0
Sweden,1960,6.5622754,2114.00297269192,1
Sweden,1961,6.475249,2288.92170111915,1
Sweden,1962,6.7618403,2468.69458903006,1
Sweden,1963,7.2466273,2657.02250478203,1
Sweden,1964,7.8483453,2941.04889945204,1
Sweden,1965,8.06655,3206.09917020339,1
Sweden,1966,9.273348,3454.42978938679,1
Sweden,1967,8.744494,3720.92684527721,1
Sweden,1968,9.776798,3926.40900146965,1
Sweden,1969,10.819906,4234.16134821018,1
Sweden,1970,11.496072,4736.21715377766,1
Sweden,1971,10.46702,5132.71160742552,1
Sweden,1972,10.434364,6027.12849917337,1
Sweden,1973,10.7012615,7301.215425886,1
Sweden,1974,9.742623,8089.91458466682,1
Sweden,1975,9.819567,10117.3066842673,1
Sweden,1976,10.699762,10868.2757657546,1
Sweden,1977,10.373606,11448.6193912266,1
Sweden,1978,9.597098,12620.5186141512,1
Sweden,1979,10.230014,14877.1642883549,1
Sweden,1980,8.627977,17097.8326512095,1
Sweden,1981,8.333264,15586.4300780047,1
Sweden,1982,7.4641876,13738.9722980374,1
Sweden,1983,6.973973,12608.2291505865,1
Sweden,1984,6.845794,13099.0208341765,1
Sweden,1985,7.4332085,13666.8577454736,1
Sweden,1986,7.3717628,17981.0194119405,1
Sweden,1987,7.074509,21792.5589059822,1
Sweden,1988,6.7813187,24534.6938164191,1
Sweden,1989,6.52803,25662.2205892506,1
Sweden,1990,6.7275577,30593.6724447761,1
Sweden,1991,6.718466,31822.8038482367,1
Sweden,1992,6.6626616,32800.9826867546,1
Sweden,1993,6.628837,24425.2849281118,1
Sweden,1994,6.8796663,26083.6143874838,1
Sweden,1995,6.794108,30282.9639200066,1
Sweden,1996,7.214286,32998.9681608432,1
Sweden,1997,6.628521,30312.4875993103,1
Sweden,1998,6.660359,30596.5272048832,1
Sweden,1999,6.3264055,30941.0793624668,1
Sweden,2000,6.1920643,29624.9126748618,1
Sweden,2001,6.2761784,27247.857734793,1
Sweden,2002,6.350587,29899.1952495081,1
Sweden,2003,6.393145,37321.7979047059,1
Sweden,2004,6.2766848,42821.6731423358,1
Sweden,2005,5.951932,43437.0631164776,1
Sweden,2006,5.9022193,46593.6021646111,1
Sweden,2007,5.782688,53700.0053363063,1
Sweden,2008,5.511467,56152.552340314,1
Sweden,2009,5.078681,46946.9602719954,1
Sweden,2010,5.662113,52869.0442891587,1
Sweden,2011,5.1979485,60755.7595508465,1
Sweden,2012,4.888254,58037.8213192173,1
Sweden,2013,4.684671,61126.9431963979,1
Sweden,2014,4.459947,60020.3604576572,1
Sweden,2015,4.408288,51545.4836095322,1
Sweden,2016,4.361771,51965.1571531985,1
Sweden,2017,4.221096,53791.5087298403,1
Sweden,2018,4.136523,54589.0603860606,1
Sweden,2019,3.9936066,51939.4297445291,1
Sweden,2020,3.5381036,52837.9039778149,1
Sweden,2021,3.6805615,61417.6808766469,1
Sweden,2022,3.6069093,56373.7885792007,1
Switzerland,1960,3.6594448,1787.36034770201,1
Switzerland,1961,3.746488,1971.31632279228,1
Switzerland,1962,4.3276606,2131.39165159983,1
Switzerland,1963,5.1048303,2294.18284731738,1
Switzerland,1964,4.8584785,2501.29318996377,1
Switzerland,1965,5.178195,2620.475547353,1
Switzerland,1966,5.3204,2784.73354771646,1
Switzerland,1967,5.426832,2960.72258588384,1
Switzerland,1968,5.9294815,3121.8890308772,1
Switzerland,1969,6.1998,3344.78360254639,1
Switzerland,1980,6.4076376,19393.8805480097,1
Switzerland,1981,6.108627,17665.0138979789,1
Switzerland,1982,5.7246137,17999.969257078,1
Switzerland,1983,6.2356215,17859.2323695837,1
Switzerland,1984,6.0745187,16991.2458841517,1
Switzerland,1985,6.148678,17152.0948495991,1
Switzerland,1986,6.49595,24459.8536348433,1
Switzerland,1987,6.143406,30440.5108240499,1
Switzerland,1988,6.167826,32690.4302734561,1
Switzerland,1989,5.9310617,31308.6508343136,1
Switzerland,1990,6.5797186,39574.5398083788,1
Switzerland,1991,6.7894406,39544.4946826768,1
Switzerland,1992,6.6953726,40713.6881521435,1
Switzerland,1993,6.2867713,39237.1186558781,1
Switzerland,1994,6.1025586,43091.7770970073,1
Switzerland,1995,6.167367,50113.8321221345,1
Switzerland,1996,6.2377644,48092.6433036512,1
Switzerland,1997,6.072413,41584.441782159,1
Switzerland,1998,6.2763495,42680.5867322391,1
Switzerland,1999,6.2217493,41695.6912912021,1
Switzerland,2000,6.0726633,38865.021939688,1
Switzerland,2001,6.240081,39638.7911061864,1
Switzerland,2002,5.972797,42458.7384679187,1
Switzerland,2003,6.0902653,49335.7456291067,1
Switzerland,2004,6.1279597,54659.4571488233,1
Switzerland,2005,6.1625733,56242.8933645639,1
Switzerland,2006,6.069247,59011.0324592016,1
Switzerland,2007,5.7495914,64989.1553256031,1
Switzerland,2008,5.8528533,74175.1927898555,1
Switzerland,2009,5.6280637,71568.3123885672,1
Switzerland,2010,5.7582173,76531.3729407691,1
Switzerland,2011,5.180272,90476.7589651577,1
Switzerland,2012,5.2838964,85836.2076767359,1
Switzerland,2013,5.3388357,87304.3305813557,1
Switzerland,2014,4.791107,88724.9909402638,1
Switzerland,2015,4.676024,83806.4476003837,1
Switzerland,2016,4.679219,82153.0745447889,1
Switzerland,2017,4.5165052,82254.3769269767,1
Switzerland,2018,4.329972,85217.3691512274,1
Switzerland,2019,4.2827263,84121.9310304414,1
Switzerland,2020,3.9630482,85897.7843338323,1
Switzerland,2021,4.117553,93446.4344518943,1
Switzerland,2022,4.0478554,93259.9057183024,1
Thailand,1960,0.13947247,103.800956567278,0
Thailand,1961,0.15112117,110.731456497513,0
Thailand,1962,0.17798841,117.162113544618,0
Thailand,1963,0.1910277,121.604327045974,0
Thailand,1964,0.24889684,129.579038867105,0
Thailand,1965,0.24046971,141.851950517512,0
Thailand,1966,0.29687336,165.57745418898,0
Thailand,1967,0.3699874,171.69837367649,0
Thailand,1968,0.5050872,179.872370025395,0
Thailand,1969,0.41796598,192.463401878414,0
Thailand,1970,0.4289411,197.993749770897,0
Thailand,1971,0.52168494,200.364068276751,0
Thailand,1972,0.5751258,216.14923480827,0
Thailand,1973,0.62625784,278.820019770674,0
Thailand,1974,0.60409164,343.425275207012,0
Thailand,1975,0.59244794,363.806571846198,0
Thailand,1976,0.68178827,405.547890217308,0
Thailand,1977,0.7438452,461.660995009629,0
Thailand,1978,0.7930567,548.011112832485,0
Thailand,1979,0.81238914,611.519105814802,0
Thailand,1980,0.868375,707.370014192186,0
Thailand,1981,0.8030266,745.732048705349,0
Thailand,1982,0.7822126,767.075714843051,0
Thailand,1983,0.85772485,822.731324127737,0
Thailand,1984,0.9089398,842.071039491321,0
Thailand,1985,0.944594,768.865648077403,0
Thailand,1986,0.94618154,836.147130166207,0
Thailand,1987,1.0208105,962.961799172835,0
Thailand,1988,1.132551,1154.5804025704,0
Thailand,1989,1.3144062,1329.99673772162,0
Thailand,1990,1.5673684,1545.27698188325,0
Thailand,1991,1.6942079,1751.0686517884,0
Thailand,1992,1.8530954,1957.40542281296,0
Thailand,1993,2.109092,2230.8411801125,0
Thailand,1994,2.3352668,2502.70864924099,0
Thailand,1995,2.5856197,2848.62245627548,0
Thailand,1996,2.8826215,3039.89213930404,0
Thailand,1997,2.9710672,2462.41438005174,0
Thailand,1998,2.5865006,1841.04295540394,0
Thailand,1999,2.678213,2028.56877070995,0
Thailand,2000,2.6535778,2004.10705891031,0
Thailand,2001,2.706475,1889.97141079834,0
Thailand,2002,2.875398,2091.17890312133,0
Thailand,2003,2.9499335,2350.84549582551,0
Thailand,2004,3.1745062,2647.26073263886,0
Thailand,2005,3.2561638,2876.24577293139,0
Thailand,2006,3.2543156,3343.78595174831,0
Thailand,2007,3.3531868,3934.69090919863,0
Thailand,2008,3.3306782,4327.79747040393,0
Thailand,2009,3.3744862,4154.18744707842,0
Thailand,2010,3.5303538,4996.37209760091,0
Thailand,2011,3.56379,5396.64358573682,0
Thailand,2012,3.793507,5748.63272062158,0
Thailand,2013,3.7907274,6041.13394794203,0
Thailand,2014,3.8948538,5822.37778295314,0
Thailand,2015,3.9419734,5708.79409105798,0
Thailand,2016,4.022904,5854.4639077194,0
Thailand,2017,3.9965413,6436.78965986703,0
Thailand,2018,4.0539184,7124.55881041403,0
Thailand,2019,3.95287,7628.57603307351,0
Thailand,2020,3.8034203,7001.78546023389,0
Thailand,2021,3.7320516,7060.89770696418,0
Thailand,2022,3.7762568,6909.9562847948,0
Ukraine,1987,14.32246,1265.37268066406,1
Ukraine,1988,14.158536,1452.65246582031,1
Ukraine,1989,13.2666645,1559.33752441406,1
Ukraine,1990,13.689269,1532.50463867188,1
Ukraine,1991,12.248687,1474.34484863281,1
Ukraine,1992,11.379378,1417.17077636719,1
Ukraine,1993,9.855851,1258.12951660156,1
Ukraine,1994,8.147474,1012.09869384766,1
Ukraine,1995,7.6392956,935.958740234375,1
Ukraine,1996,6.9497585,872.713500976563,1
Ukraine,1997,6.7872987,991.242797851563,1
Ukraine,1998,6.6097465,835.236633300781,1
Ukraine,1999,6.0538964,635.757934570313,1
Ukraine,2000,5.8444285,658.344604492188,1
Ukraine,2001,6.2768607,807.801940917969,1
Ukraine,2002,6.1676164,911.906860351563,1
Ukraine,2003,6.4539695,1087.7880859375,1
Ukraine,2004,6.5724263,1416.60375976563,1
Ukraine,2005,6.6832886,1894.46008300781,1
Ukraine,2006,7.148388,2391.32397460938,1
Ukraine,2007,7.2726684,3197.93432617188,1
Ukraine,2008,7.076913,4066.53173828125,1
Ukraine,2009,6.0525475,2639.37817382813,1
Ukraine,2010,6.4436584,3078.41479492188,1
Ukraine,2011,6.7751007,3704.84228515625,1
Ukraine,2012,6.704457,4004.78979492188,1
Ukraine,2013,6.565836,4187.73974609375,1
Ukraine,2014,5.706534,3104.65380859375,1
Ukraine,2015,4.974984,2124.66259765625,1
Ukraine,2016,5.2184343,2187.7275390625,1
Ukraine,2017,4.9953985,2638.32543945313,1
Ukraine,2018,5.212142,3096.5625,1
Ukraine,2019,5.020078,3661.45776367188,1
Ukraine,2020,4.7102127,3751.7373046875,1
Ukraine,2021,4.8276234,4827.845703125,1
Ukraine,2022,3.5578535,4533.9755859375,1
United Arab Emirates,1975,57.130108,27090.3400636288,0
United Arab Emirates,1976,64.503174,31282.7715443476,0
United Arab Emirates,1977,54.820953,35186.2320379881,0
United Arab Emirates,1978,55.57788,29526.6379767833,0
United Arab Emirates,1979,40.22889,34372.382493511,0
United Arab Emirates,1980,36.312912,42995.1639866478,0
United Arab Emirates,1981,33.418747,44841.2297397817,0
United Arab Emirates,1982,31.470213,39921.6329798234,0
United Arab Emirates,1983,28.459085,34586.5318099776,0
United Arab Emirates,1984,35.278046,31955.1812468733,0
United Arab Emirates,1985,35.992016,29432.8312066844,0
United Arab Emirates,1986,32.021553,23111.3783815158,0
United Arab Emirates,1987,30.109753,23088.2041692835,0
United Arab Emirates,1988,28.56564,21545.4555840533,0
United Arab Emirates,1989,30.240364,23141.014774712,0
United Arab Emirates,1990,27.21022,26682.8498094612,0
United Arab Emirates,1991,28.218336,25668.4933214662,0
United Arab Emirates,1992,27.292364,25630.0809730927,0
United Arab Emirates,1993,29.490345,25019.372357889,0
United Arab Emirates,1994,32.206703,25463.4962885063,0
United Arab Emirates,1995,29.771353,27010.6781857038,0
United Arab Emirates,1996,29.31201,28596.5068287975,0
United Arab Emirates,1997,26.553587,28709.2469206781,0
United Arab Emirates,1998,27.423006,25905.8433836172,0
United Arab Emirates,1999,24.960247,27261.9065733158,0
United Arab Emirates,2000,34.137882,31855.5006047175,0
United Arab Emirates,2001,29.360733,29909.0094348435,0
United Arab Emirates,2002,23.295784,30221.9669995136,0
United Arab Emirates,2003,27.912537,32607.3729348287,0
United Arab Emirates,2004,27.972178,37017.736365469,0
United Arab Emirates,2005,26.722624,42190.5543794633,0
United Arab Emirates,2006,24.843065,45339.5851165809,0
United Arab Emirates,2007,22.668598,43918.3801694265,0
United Arab Emirates,2008,21.990328,45140.7690772438,0
United Arab Emirates,2009,21.020948,31722.5887637992,0
United Arab Emirates,2010,21.79288,35392.2609669642,0
United Arab Emirates,2011,23.040035,42078.6138125427,0
United Arab Emirates,2012,23.934546,44386.7860789846,0
United Arab Emirates,2013,24.375996,45729.6076756823,0
United Arab Emirates,2014,23.764606,46865.9645983676,0
United Arab Emirates,2015,25.309628,41525.1389031283,0
United Arab Emirates,2016,25.194353,41054.5395699204,0
United Arab Emirates,2017,23.432226,43063.9674770763,0
United Arab Emirates,2018,22.896563,46722.2687183733,0
United Arab Emirates,2019,23.834637,45376.1708381558,0
United Arab Emirates,2020,23.34033,37629.1741687956,0
United Arab Emirates,2021,25.333178,44332.3400513163,0
United Arab Emirates,2022,25.833244,53707.9800809111,0
United Kingdom,1960,11.115082,1397.5948032844,1
United Kingdom,1961,11.135089,1472.38571407868,1
United Kingdom,1962,11.148759,1525.77585271032,1
United Kingdom,1963,11.276441,1613.45688373392,1
United Kingdom,1964,11.285723,1748.2881176141,1
United Kingdom,1965,11.471816,1873.56777435421,1
United Kingdom,1966,11.328242,1986.74715869685,1
United Kingdom,1967,10.788927,2058.78188198056,1
United Kingdom,1968,10.99323,1951.75859587532,1
United Kingdom,1969,11.338446,2100.66786858672,1
United Kingdom,1970,11.726424,2347.54431773747,1
United Kingdom,1971,11.818837,2649.80151387223,1
United Kingdom,1972,11.560065,3030.43251411977,1
United Kingdom,1973,11.743219,3426.27622050378,1
United Kingdom,1974,10.975319,3665.8627976419,1
United Kingdom,1975,10.72118,4299.74561799284,1
United Kingdom,1976,10.63796,4138.16778761535,1
United Kingdom,1977,10.7451935,4681.43993173038,1
United Kingdom,1978,10.752227,5976.93816899991,1
United Kingdom,1979,11.454919,7804.76208051155,1
United Kingdom,1980,10.280013,10032.062080015,1
United Kingdom,1981,9.939641,9599.30622221965,1
United Kingdom,1982,9.711942,9146.07735701852,1
United Kingdom,1983,9.654327,8691.51881306514,1
United Kingdom,1984,9.353447,8179.19444064991,1
United Kingdom,1985,9.879896,8652.21654247593,1
United Kingdom,1986,10.023534,10611.112210096,1
United Kingdom,1987,10.059909,13118.586534629,1
United Kingdom,1988,10.013473,15987.1680775688,1
United Kingdom,1989,10.1894865,16239.2821960944,1
United Kingdom,1990,10.521594,19095.4669984608,1
United Kingdom,1991,10.624451,19900.7266505069,1
United Kingdom,1992,10.326097,20487.1707852878,1
United Kingdom,1993,10.054433,18389.0195675099,1
United Kingdom,1994,9.933512,19709.2380983653,1
United Kingdom,1995,9.773094,23168.9529580171,1
United Kingdom,1996,10.102876,24406.400298359,1
United Kingdom,1997,9.660194,26766.0056249684,1
United Kingdom,1998,9.728953,28274.5045119699,1
United Kingdom,1999,9.57871,28762.0913570256,1
United Kingdom,2000,9.669214,28280.926786099,1
United Kingdom,2001,9.780857,27906.5695029641,1
United Kingdom,2002,9.439251,30077.741432188,1
United Kingdom,2003,9.5829115,34442.6875402308,1
United Kingdom,2004,9.557823,40366.8886650968,1
United Kingdom,2005,9.4452305,42104.7884375024,1
United Kingdom,2006,9.338998,44512.4590296865,1
United Kingdom,2007,9.134187,50397.6854954706,1
United Kingdom,2008,8.825938,47396.1202078484,1
United Kingdom,2009,7.938317,38744.131693043,1
United Kingdom,2010,8.156536,39598.957119545,1
United Kingdom,2011,7.422031,42109.6418795749,1
United Kingdom,2012,7.6396565,42497.3404974322,1
United Kingdom,2013,7.4275928,43426.2981405143,1
United Kingdom,2014,6.774484,47439.6165895125,1
United Kingdom,2015,6.4770393,44964.3911437292,1
United Kingdom,2016,6.0837545,40985.2351382417,1
United Kingdom,2017,5.8634415,40572.1214823783,1
United Kingdom,2018,5.7159815,43203.8141057739,1
United Kingdom,2019,5.4621234,42662.5353740311,1
United Kingdom,2020,4.8652816,40217.0090116986,1
United Kingdom,2021,5.164383,46869.759058411,1
United Kingdom,2022,4.7201805,46125.2557513568,1
United States,1960,16.444399,3007.12344537862,0
United States,1961,16.11992,3066.56286916615,0
United States,1962,16.457443,3243.84307754988,0
United States,1963,16.931978,3374.51517105082,0
United States,1964,17.430368,3573.94118474743,0
United States,1965,17.920338,3827.52710972039,0
United States,1966,18.617542,4146.31664631665,0
United States,1967,19.12176,4336.42658722171,0
United States,1968,19.622215,4695.92339043178,0
United States,1969,20.39401,5032.14474262003,0
United States,1970,21.662867,5234.2966662115,0
United States,1971,21.514513,5609.38259952519,0
United States,1972,22.28148,6094.01798986165,0
United States,1973,23.08134,6726.35895596695,0
United States,1974,22.081156,7225.69135952566,0
United States,1975,21.196472,7801.45666356443,0
United States,1976,22.262001,8592.25353727612,0
United States,1977,22.696455,9452.57651914511,0
United States,1978,22.679413,10564.9482220275,0
United States,1979,22.718729,11674.1818666548,0
United States,1980,21.549501,12574.7915062163,0
United States,1981,20.76817,13976.10539252,0
United States,1982,19.505571,14433.787727053,0
United States,1983,19.225763,15543.8937174925,0
United States,1984,20.029423,17121.2254849995,0
United States,1985,19.786129,18236.8277265009,0
United States,1986,19.634436,19071.2271949295,0
United States,1987,20.11944,20038.9410992658,0
United States,1988,20.845224,21417.0119305191,0
United States,1989,20.951706,22857.1544330056,0
United States,1990,20.642052,23888.6000088133,0
United States,1991,20.126223,24342.2589048189,0
United States,1992,20.277145,25418.9907763319,0
United States,1993,20.375822,26387.2937338171,0
United States,1994,20.452991,27694.853416234,0
United States,1995,20.421772,28690.8757013347,0
United States,1996,20.867321,29967.7127181749,0
United States,1997,20.881931,31459.1389804773,0
United States,1998,20.785181,32853.6769523009,0
United States,1999,20.789043,34515.3902272076,0
United States,2000,21.282457,36329.9560727102,0
United States,2001,20.694746,37133.623113437,0
United States,2002,20.621824,37997.7596573051,0
United States,2003,20.645628,39490.2749557007,0
United States,2004,20.79503,41724.6316287624,0
United States,2005,20.658026,44123.4070679055,0
United States,2006,20.192238,46302.0008800056,0
United States,2007,20.248577,48050.2237771135,0
United States,2008,19.349745,48570.0459804586,0
United States,2009,17.76503,47194.9433547336,0
United States,2010,18.25202,48650.6431283336,0
United States,2011,17.669733,50065.9665041742,0
United States,2012,16.876879,51784.4185738837,0
United States,2013,17.158995,53291.1276891406,0
United States,2014,17.168007,55123.8497869046,0
United States,2015,16.562983,56762.7294515989,0
United States,2016,16.053692,57866.7449341091,0
United States,2017,15.804429,59907.754260885,0
United States,2018,16.191355,62823.309438197,0
United States,2019,15.739861,65120.3946628653,0
United States,2020,14.034053,63528.6343027508,0
United States,2021,14.9324875,70219.472454115,0
United States,2022,14.949616,76329.5822652029,0
